,Unnamed: 0,ticker,pe,tmin,tmax,cs,bvol
0,0,وسپهر,15.77,8854,9786,56,12000000
1,1,شصدف,24.77,37115,41021,44,365934
2,2,فسا,1471.0,1388,1472,44,6798097
3,3,فرآور,26.65,30620,33840,27,479080
4,4,سبزوا,8.0,3225,3563,53,4401409
5,5,اپال,31.58,21230,23450,13,5359536
6,6,وبملت,5.08,3485,3851,57,32301480
7,7,لپیام,-577.76,48854,53996,32,194474
8,8,ثنام,inf,16101,17095,70,602483
9,9,حپارسا,10.79,31859,35211,60,440116
10,10,وآذر,75.67,62500,69060,70,218087
11,11,یاقوت,,11509,14065,68,1
12,12,حسینا,7.82,52429,57947,60,277439
14,14,کلر,30.44,95948,106046,44,145033
15,15,سپیدما,,9712,11870,68,1
16,16,غدام,262.5,348170,384810,42,40962
17,17,خصدرا,16.75,2598,2758,45,10488423
18,18,وسپه,9.24,8310,9170,56,4800000
19,19,شستا,7.94,12320,13600,39,8888889
20,20,خزامیا,-82.11,6080,6700,34,2403846
21,21,پیشگام,,1,999999,68,1
22,22,وتوصا,19.98,8160,9000,56,1726122
23,23,قنقش,-44.44,69937,72791,38,70064
24,24,وایران,67.29,6840,7540,58,2083333
25,25,شستان,271.82,2922,3040,44,1672241
27,27,شاروم,20.26,14202,15696,44,1000401
28,28,غدیس,10.38,13466,14882,42,1058276
29,29,شوینده,7.33,21520,23780,44,659921
30,30,کیا,21.76,1,999999,28,1
32,32,کدما,243.36,219980,243120,13,100000
33,33,تکنو,572.8,14310,15810,29,1047486
34,34,حتاید,8.51,26310,29070,60,780000
35,35,رتکو,-4.3,10950,12090,74,1351351
36,36,افران,,12537,15321,68,1
37,37,ثمسکن,28.9,4251,4697,70,3370029
38,38,فبستم,8.01,770,816,28,12610341
39,39,مفاخر,113.65,39115,43231,72,351948
40,40,قیستو,20.81,14544,15136,38,330426
41,41,غزر,11.36,21610,23870,42,1280000
42,42,دلر,9.55,35110,38790,43,450000
43,43,استارز,,180000,220000,68,1
44,44,سخاش,13.57,106120,117280,53,135526
45,45,زماهان,47.82,15765,17423,1,903942
46,46,سفانو,12.0,28520,31520,53,478927
47,47,ساراب,9.49,17100,18900,53,831486
48,48,کسرا,14.61,14590,16110,54,998668
49,49,سفارود,-67.05,16889,17577,54,290142
50,50,فخاس,8.59,21820,24100,27,4280822
51,51,خپویش,33.02,48430,53510,34,282539
52,52,کاما,13.28,11530,12730,13,4000000
53,53,زمگسا,21.86,26040,28780,1,571429
54,54,لپارس,96.51,59560,65820,32,231624
55,55,داوه,22.22,15080,16666,43,912132
56,56,هجرت,12.46,27321,30195,43,519949
57,57,زفکا,19.25,11087,12253,1,1350500
58,58,وسخوز,8.07,520,574,56,102744030
59,59,غمینو,12.56,7561,8355,42,1967214
60,60,بخاور,6.61,5217,5765,66,2757353
61,61,شگویا,9.7,10722,11850,44,9583067
62,62,ثشرق,21.53,5320,5880,70,2808989
63,63,غمهرا,16.07,63280,69940,42,236855
64,64,ریشمک,75.39,43461,48035,43,340113
65,65,آریان,16.9,14572,16104,56,6280224
66,66,سشمال,12.48,9210,10170,53,1552795
67,67,ومعلم,5.5,3810,4210,66,3749063
68,68,وپخش,9.43,25430,28090,43,1420000
69,69,پکویر,9.68,13410,14810,25,1069900
70,70,زکشت,31.08,24719,27321,1,579442
71,71,ورنا,7.81,4370,4830,34,3260161
72,72,وخارزم,5.8,5420,5980,56,7480000
73,73,خاهن,15.72,7540,8320,34,3641195
74,74,ثاصفا,1240.9,23581,26063,70,402934
75,75,بکهنوج,9.35,1718,1898,40,8537280
76,76,شاراک,6.61,35690,39430,44,2568053
77,77,شپنا,6.51,11630,12850,23,9441385
78,78,وگردش,27.27,13471,14303,57,6000000
79,79,بالاس,149.5,38973,43075,45,382947
80,80,فگستر,14.06,13836,15292,27,1003412
81,81,دزهراوی,34.69,5830,6430,43,2442997
82,82,کطبس,8.54,53450,59070,10,277008
83,83,فسپا,5.49,39230,43350,27,358852
84,84,وایرا,6.42,7505,7969,56,1330495
85,85,ذوب,10.67,4029,4453,27,24601416
86,86,پارسیان,18.44,8550,9450,66,2000000
87,87,وپاسار,9.16,14820,16380,57,7817590
88,88,کپارس,10.56,97870,108170,49,150270
89,89,وشمال,-365.03,85333,90611,56,113673
91,91,آبین,24.51,2558,2662,1,1888931
92,92,زگلدشت,18.94,10982,12138,1,1344568
93,93,وملت,-56.39,4155,4323,56,1182313
94,94,گدنا,79.13,20577,22743,55,681881
95,95,پسهند,9.21,29350,32430,25,487964
96,96,نگین,,10,99560,68,1
97,97,سیتا,10.5,13310,14710,53,4400000
98,98,وسخراج,-79.21,2108,2328,56,24559528
100,100,کابگن,-4.98,5229,5441,54,468516
101,101,فیروزا,,22115,27029,68,1
103,103,قاروم,1.15,1613,1711,38,6016848
104,104,نبروج,-6.12,5703,5935,17,859255
105,105,تملت,9.24,4355,4813,67,4400000
106,106,وسکاب,2.21,2603,2875,56,5345688
107,107,ولملت,10.54,4650,5130,58,2952756
108,108,اطلس,1336.29,218792,267412,68,1
109,109,دسینا,14.12,21200,23420,43,675068
110,110,وپسا,209.67,1821,1895,45,2649709
111,111,شپاکسا,10.09,18950,20930,44,761808
112,112,وبیمه,13.19,1661,1835,56,8488964
113,113,وسصفا,-1.26,856,946,56,92500168
114,114,سرود,9.03,22890,25290,53,627615
116,116,زنجان,445.55,8769,9311,44,1400000
117,117,چدن,11.51,3809,4209,28,3701876
118,118,داسوه,19.77,28310,31290,43,486066
119,119,گوهر,,51765,63267,68,1
120,120,پخش,15.69,19606,21668,43,707548
121,121,بهپاک,17.71,7106,7854,42,1956182
122,122,خریخت,21.35,2819,3115,34,5053908
123,123,وحکمت,173.48,4171,4429,66,2305742
124,124,فسازان,10.63,27520,30400,27,505391
125,125,ولراز,-409.2,32581,34595,65,298028
126,126,نهال,,8968,10960,68,1
127,127,ثقزوی,-223.09,30097,33265,70,315667
128,128,سصوفی,12.31,17560,19400,53,777605
129,129,زاگرس,7.79,209000,230998,44,433648
130,130,درهآور,11.13,26042,28782,43,540833
131,131,حسیر,-258.26,22680,25066,60,611372
133,133,فراز,,10989,13429,68,1
134,134,وبشهر,17.61,11570,12770,42,3300000
135,135,شنفت,13.01,55340,61160,23,1000000
136,136,سنیر,41.04,144220,159400,53,99668
137,137,غگلپا,29.59,65141,71997,42,223298
138,138,قهکمت,16.51,32940,36400,38,414136
139,139,سیلام,74.91,7780,8580,53,1820388
140,140,ثبهساز,15.1,2086,2304,70,8052315
141,141,فولای,8.37,20915,23115,27,681354
142,142,زملارد,34.17,27930,30870,1,520798
143,143,خلنت,28.76,55290,61090,34,245861
144,144,دتهران‌,4.8,18604,19362,43,263394
145,145,پردیس,4.11,4741,5239,56,2922268
146,146,پارتین,,376200,459800,68,1
147,147,قزوین,24.24,26970,29790,38,538600
148,148,افق ملت,,129850,158690,68,1
149,149,سکرما,10.19,16010,17690,53,852757
150,150,سفارس,10.3,20760,22940,53,2250000
151,151,ثعمرا,10.85,9226,10196,70,1510575
152,152,مادیرا,9.81,7068,7810,26,3280000
153,153,سکارون,70.86,97886,103940,53,98824
154,154,ساروم,7.76,36760,40620,53,382360
155,155,کارین,,9061,11073,68,1
156,156,خاور,1.95,7351,7805,34,1995624
157,157,حپترو,-117.33,50500,55800,60,282220
158,158,کخاک,12.98,35270,38970,54,600000
159,159,غفارس,-64.39,16290,18004,42,916815
160,160,لطیف,12.75,52364,57874,21,275028
161,161,بمیلا,14.51,14550,15450,46,687002
163,163,شفارا,24.39,5070,5382,44,1871959
164,164,ثالوند,22.86,27093,29943,70,526150
165,165,شاملا,11.53,36110,39910,44,398406
166,166,غبهنوش,17.25,57250,63270,42,251931
167,167,سپر,,11166,13646,68,1
168,168,وآتوس,-596.76,28702,30476,65,328570
169,169,واحیا,39.08,183075,194399,65,400000
170,170,خمهر,17.48,2177,2405,34,6501951
171,171,وتوسم,3.96,7450,8230,56,1845018
172,172,آ س پ,38.97,8179,9039,70,1702998
173,173,آتی,,723600,884400,68,1
174,174,ثاخت,19.05,2108,2328,70,6846189
175,175,خنصیر,59.05,11160,12320,34,1266892
176,176,ثغرب,42.59,5355,5917,70,2751789
177,177,آوا,,6471,7907,68,1
178,178,کچاد,7.68,27610,30510,13,3968254
179,179,وبهمن,7.68,14810,16350,56,1100000
180,180,دتولید,28.62,12495,13809,43,1159645
181,181,دفرا,9.74,25870,28590,43,526316
182,182,شصفها,14.05,129645,134935,44,120000
183,183,غپینو,22.03,4960,5480,42,2884615
184,184,ثامید,18.67,1662,1836,70,14126800
185,185,امید,14.77,4940,5460,67,3800000
186,186,خاتم,,10492,12822,68,1
187,187,ثرود,59.61,16205,17909,70,855969
188,188,ویسرو,,169871,194642,68,1
190,190,نوری,6.3,87870,97110,44,1032418
191,191,خکمک,436.05,16210,17910,34,905250
192,192,تایرا,11.06,21900,24200,29,1280000
193,193,خبازرس,1.76,21927,23283,71,430441
194,194,وهامون,2.11,2195,2425,56,6185568
195,195,فالوم,18.04,17252,19068,27,559880
196,196,کفپارس,15.32,2906,3210,54,4848093
197,197,وزمین,-0.73,9858,10678,57,1600000
198,198,دکیمی,14.77,20330,22450,43,706880
199,199,سجام,30.3,3592,3814,53,2705628
200,200,بنیرو,9.51,2243,2479,31,6602113
201,201,غشهد,16.96,4471,4941,42,3275824
202,202,کسرام,-158.18,6380,7040,54,2155172
203,203,شپدیس,7.87,134900,149100,44,681199
204,204,فاراک,66.68,1770,1956,28,8255091
205,205,ثتران,11.28,3007,3323,70,4818504
206,206,ولیز,-4.85,5350,5910,58,2747253
207,207,فسدید,-10.31,108328,110516,27,39120
208,208,غنیلی,-833.33,1,999999,42,1
210,210,شغدیر,6.34,74530,82370,44,520000
211,211,بموتو,8.59,62010,68530,31,272160
212,212,وپست,7.36,20370,22510,57,1293380
213,213,درازک,8.88,33330,36830,43,425894
214,214,حتوکا,18.27,17110,18910,60,800854
215,215,کوثر,7.93,12428,13736,66,2594013
216,216,غگل,13.6,3462,3826,42,4024685
217,217,وسهمدا,-1.41,553,611,56,45807348
218,218,بکام,31.33,2433,2689,31,5910165
219,219,تمحرکه,76.16,13373,14199,29,725427
220,220,وآوا,3.22,4793,5297,56,2922838
221,221,تاپیکو,8.22,13760,15200,44,7905138
222,222,شبهرن,9.02,12970,14330,23,4780000
223,223,کروی,10.55,26000,28720,13,965580
224,224,اخابر,38.16,9060,10000,64,12578616
225,225,آتیمس,,174997,213885,68,1
226,226,ختراک,10.91,10810,11930,34,1321586
227,227,کپرور,8.76,32015,35383,10,458786
228,228,خودکفا,16.76,13255,14649,42,2143528
229,229,ولغدر,48.7,16560,18300,58,892857
230,230,وسالت,1.71,1079,1145,57,8992806
231,231,پکرمان,9.31,24410,26970,25,1010600
232,232,جوین,16.41,3605,3827,1,2982096
233,233,تاصیکو,9.97,10450,11530,13,10452962
234,234,دکوثر,33.7,4185,4625,43,3296703
235,235,پارسان,11.1,25670,28370,44,4252303
236,236,قچار,75.96,17532,19376,38,982384
237,237,کفرا,12.96,22300,24640,54,664599
238,238,مرقام,-9.3,14010,15470,72,1023192
239,239,بایکا,192.33,24067,25555,31,403064
240,240,چافست,25.07,12860,14200,22,1131222
241,241,پدرخش,8.45,20480,22620,25,705550
243,243,کترام,17.71,41080,45400,49,347222
244,244,وآرین,5.88,2790,2962,56,3567607
245,245,چکاوه,26.91,12600,13920,21,1149425
246,246,غالبر,29.24,12360,13660,42,1147666
248,248,وملل,92.13,11708,12940,57,4000000
249,249,وسنا,51.92,14652,15558,65,1383443
250,250,وپویا,2.39,4148,4584,56,3427005
251,251,سباقر,16.48,14072,14942,53,687995
252,252,آسامید,,11282,13788,68,1
254,254,زدشت,24.44,18483,20427,1,796094
255,255,وهور,9.22,1517,1675,40,26470514
256,256,فارس,16.28,11030,12190,44,9844135
257,257,فلامی,16.11,21830,24110,28,644607
258,258,ونیکی,9.07,9740,10760,39,7000000
259,259,تنوین,7.93,6390,7050,67,6000000
260,260,وساخت,29.02,46580,51480,70,436118
261,261,کهربا,,9172,11210,68,1
262,262,کهرام,-92.99,109686,116470,49,88514
264,264,وغدیر,12.12,13620,15040,39,7984032
265,265,زشگزا,16.43,5579,6165,1,2522705
266,266,میهن,-4.32,3431,3791,66,4316547
267,267,زشریف,14.88,4559,5037,1,3101096
268,268,خبهمن,13.18,1297,1433,34,53855187
269,269,باران,21.82,4029,4453,66,2361833
270,270,سشرق,14.81,7400,8160,53,1882058
271,271,سدشت,64.29,50540,55840,53,472000
272,272,جم پیلن,7.34,95780,105860,44,800000
273,273,سدور,28.44,8950,9890,53,1524390
274,274,داراب,202.75,2361,2505,44,4110153
275,275,شکربن,12.63,95360,105380,44,152161
276,276,وتعاون,12.78,4748,5040,66,2011264
277,277,سپرمی,-5.7,9068,9250,54,272956
278,278,ثروت,,208800,255200,68,1
279,279,کیمیا,7.63,13248,14642,27,1075886
280,280,مبین,10.02,17520,19360,40,6204757
281,281,رکیش,34.79,6290,6950,72,2520000
282,282,خفنر,31.98,7340,8100,34,1854141
283,283,حخزر,18.84,22478,24844,61,618659
284,284,کزغال,8.3,33834,37394,10,800000
285,285,وبصادر,3.05,1942,2146,57,59084195
286,286,کساپا,271.45,18500,20440,54,800854
287,287,وبوعلی,2.72,3887,4295,56,3637245
288,288,کاسپین,10.55,18663,20627,43,754680
289,289,سیمرغ,8.86,16340,18040,1,887574
290,290,غسالم,25.43,3199,3535,42,4503152
291,291,الماس,,101474,124022,68,1
292,292,حفاری,3.81,5440,6000,11,3600000
293,293,شپلی,-3843.33,11300,11760,44,1428392
294,294,ثزاگرس,607.64,50222,55508,70,189162
295,295,فخوز,6.12,15820,17480,27,7159905
296,296,کسعدی,17.79,10480,11580,49,1357466
297,297,دلقما,14.11,40770,45050,43,356464
298,298,پلوله,12.87,28511,30273,25,345722
299,299,خکرمان,44.45,3552,3770,34,2812149
301,301,سهرمز,11.5,15680,17320,53,869061
302,302,تیپیکو,10.86,20250,22370,43,4400000
303,303,ما,5.54,7860,8680,66,1863354
304,304,بزاگرس,29.34,4431,4897,40,3255915
305,305,فروی,12.08,30713,33945,27,469866
306,306,نمرینو,78.04,97430,107670,17,139991
307,307,آکورد,,30052,36730,68,1
309,309,حرهشا,-171.76,63843,67791,60,152015
310,310,ومدیر,2.1,4041,4465,56,3600000
311,311,ثجوان,-696.92,9059,9619,70,1103753
312,312,لبوتان,12.56,47100,52040,29,296443
313,313,کگهر,19.02,42747,47245,13,2589780
314,314,تکمبا,33.14,6840,7540,29,2155172
315,315,فجام,14.26,6720,7420,28,2205882
316,316,ستران,16.0,24370,26930,53,700000
317,317,ثفارس,91.04,6730,7430,70,2139800
318,318,شسینا,26.81,64420,71200,44,217202
319,319,شتهران,3.56,6880,7452,43,697740
320,320,ولشرق,16.29,5749,6353,65,2530365
321,321,ارمغان,,9123,11149,68,1
322,322,غشان,29.31,5830,6430,42,2347418
323,323,خوساز,32.51,6600,7280,34,2068966
324,324,ساوه,9.8,55628,61482,53,260000
325,325,جم,7.27,41560,45920,44,2184837
326,326,سبهان,12.1,65550,72450,53,218531
328,328,کلوند,10.14,21790,24070,49,648508
329,329,پیزد,10.2,69466,76778,25,205106
330,330,خزر,32.11,16420,18140,34,910747
331,331,ثنوسا,32.21,8100,8940,70,1770956
332,332,زر,,46124,56372,68,1
333,333,وپارس,-17.45,2584,2854,57,44085231
334,334,دجابر,16.14,11590,12790,43,1279863
335,335,زپارس,32.97,115860,128040,1,130136
336,336,میدکو,,39900,44080,27,2783577
337,337,واتی,6.65,10500,11600,56,1800000
338,338,دشیمی,11.08,22320,24660,43,652458
339,339,غشهداب,11.77,3355,3707,42,4439184
340,340,بجهرم,26.51,2305,2547,40,9658133
341,341,شراز,5.34,102200,112956,23,411020
342,342,غپونه,36.44,16679,17709,42,564685
343,343,خچرخش,200.2,10080,11140,34,1469148
344,344,سمازن,8.4,13560,14980,53,1037344
345,345,رنیک,16.92,17017,18807,74,864255
346,346,آگاس,,71288,87128,68,1
348,348,ونفت,11.43,14720,16260,23,925926
349,349,غپاک,162.41,16860,18620,42,855188
350,350,عیار,,26485,32369,68,1
351,351,قاسم,14.21,8465,9355,47,1730304
352,352,برکت,95.26,35780,39540,43,2320000
353,353,دتماد,8.26,44040,48660,43,319898
354,354,فاما,10.08,16990,18770,28,876168
355,355,کمند,,9139,11169,68,1
356,356,سفاسی,250.87,7309,7761,54,1328728
357,357,ساربیل,14.87,37020,40900,53,397667
358,358,غاذر,35.27,24700,27280,42,594766
359,359,شپاس,8.51,16384,18108,23,960000
360,360,ومشان,1896.0,74143,78729,65,128641
361,361,حفارس,12.53,3034,3352,60,4696306
362,362,فملی,8.75,12820,14160,27,8559201
363,363,فماک,282.72,1,999999,27,1
364,364,سپاها,10.08,8360,9220,53,1696833
365,365,کگل,11.18,21110,23330,13,5242464
367,367,شیران,7.51,24480,27040,44,3840246
368,368,سرچشمه,9.45,6388,7060,56,2197803
369,369,قشکر,-194.06,2866,3166,38,4830918
371,371,آسام,,107047,130835,68,1
372,372,قشرین,821.09,17785,18885,38,529521
373,373,اعتلا,4.43,6678,7380,56,2103492
374,374,وسزنجان,-28.4,1349,1491,56,18821077
375,375,شفا,12.36,35170,38870,43,471772
376,376,سنوین,7.0,7279,8045,56,1314579
377,377,وصندوق,7.96,16320,18020,39,6696429
378,378,بذر,,90910,111110,68,1
379,379,سیدکو,8.67,6900,7620,53,2400000
380,380,توریل,23.91,12278,13570,60,1280000
381,381,وساپا,5.96,4773,5275,56,4270000
382,382,قشهد,17.1,15930,17590,38,914634
383,383,آبادا,30.45,11500,12700,40,1234568
384,384,غویتا,23.0,7597,8395,42,1786778
385,385,خدیزل,13.1,50981,56347,34,400000
387,387,کرماشا,10.3,40460,44700,44,1411680
388,388,فاذر,604.5,1188,1312,28,12406948
389,389,شتوکا,15.52,32680,36120,44,415283
390,390,شیراز,10.76,64640,71440,44,1428776
391,391,ثهام,,9530,11646,68,1
392,392,آرمان,-46.5,6364,6756,66,1525321
393,393,شلعاب,627.86,8180,9040,44,1706485
394,394,خمحرکه,13.27,3697,4085,34,3924647
395,395,سپاس,,9139,11169,68,1
396,396,نیرو,16.88,48555,51557,31,199829
397,397,قرن,16.54,28370,31350,44,800000
398,398,اتکای,10.08,8997,9943,66,1621096
399,399,شرنگی,13.47,202401,214919,44,46578
400,400,وثخوز,568.72,64295,71061,70,147759
401,401,دروز,196.05,28820,31840,43,487329
402,402,قصفها,29.43,91520,101140,38,161603
403,403,رانفور,12.08,5560,6140,72,11200000
404,404,شدوص,12.09,22070,24390,44,664305
405,405,ثاژن,469.8,9022,9772,70,532142
406,406,فولاژ,7.59,17140,18940,27,4800000
407,407,رتاپ,8.94,5700,6300,72,2500000
408,408,چخزر,12.06,36552,40398,20,390270
409,409,سفار,28.87,81910,90530,53,170338
410,410,سهگمت,9.89,24670,27250,53,572956
411,411,وبازار,,10910,13330,68,1
412,412,فجر,5.84,27100,29940,27,983200
413,413,بساما,9.54,26974,29812,66,822008
414,414,وسدید,41.53,1550,1612,27,11995671
415,415,تلیسه,26.99,3117,3445,1,4631059
416,416,وملی,152.57,134840,149020,19,103706
417,417,پتایر,6.92,2638,2914,25,5430847
418,418,سخوز,7.75,23350,25790,53,608273
419,419,کورز,3.48,32653,34671,54,297071
420,420,خاذین,-82.0,3306,3654,34,4461630
421,421,تماوند,72.86,5227,5549,67,2800000
422,422,خپارس,-3.12,1085,1199,34,45427313
423,423,غبشهر,18.97,23720,26200,42,1200000
424,424,زکوثر,16.68,16560,18300,1,1100000
426,426,کشرق,20.67,60895,67303,10,239288
428,428,تپمپی,16.02,13770,15210,29,1071429
429,429,کبافق,314.2,37240,41140,13,486000
430,430,وسبحان,5.84,2755,3043,56,5013369
431,431,قمرو,14.25,23160,25580,38,623441
432,432,های وب,8.72,8380,9260,73,3336000
433,433,دحاوی,23.35,11781,12509,43,823452
434,434,ارزش,,8990,10970,68,1
437,437,کویر,8.15,13250,14630,27,4320000
438,438,خراسان,8.87,79790,88170,44,715965
439,439,دسبحا,7.55,14030,15490,43,1296400
440,440,فزرین,10.87,15881,17551,27,910250
441,441,شفارس,118.6,1735,1917,44,8431703
442,442,وگستر,4.26,11320,12510,56,1315905
443,443,ودی,5.5,8445,9333,66,2380000
444,444,شرانل,7.42,46727,51645,23,800000
445,445,شگل,12.37,7410,8190,44,1925546
446,446,فاهواز,-34.96,7570,7722,27,2259600
448,448,حآسا,59.55,20820,23010,60,652572
449,449,گکیش,124.43,46107,48957,55,210390
450,450,ساروج,7.59,17518,18600,53,560539
451,451,دی,3.87,1120,1236,57,54000000
452,452,غچین,14.43,17310,19130,42,854701
453,453,خساپا,-5.3,1674,1850,34,68807339
454,454,وثنو,5.73,4161,4417,65,2269633
455,455,وسینا,13.08,2778,3070,57,10153540
456,456,تفیرو,-23.51,18759,19523,29,261220
457,457,ثنظام,33.71,45516,48330,70,213125
458,458,ولساپا,6.63,2672,2952,58,5535055
459,459,صایند,,8976,10970,68,1
460,460,صبا,4.2,8223,9087,56,13665870
461,461,غپآذر,39.42,44742,49450,42,313428
462,462,سپید,6.61,32210,35590,1,421467
463,463,کایتا,849.09,9060,9620,54,1070664
464,464,لکما,-28.43,1407,1493,32,6896552
465,465,امین یکم,,9036,11044,68,1
466,466,خرینگ,31.12,29100,32160,34,509511
467,467,بفجر,12.88,22530,24890,40,2600000
469,469,طلا,,74735,91341,68,1
470,470,سمگا,35.25,24964,27590,55,1800000
471,471,بترانس,11.03,2146,2370,31,14561102
472,472,وسهرمز,1.39,527,581,56,38442884
473,473,وآیند,-2.03,10262,11116,57,6400000
474,474,وصنا,2.39,5320,5860,56,2636204
475,475,دمعیار,,9057,11069,68,1
476,476,وتوکا,10.26,9310,10290,27,1612000
477,477,ونوین,6.38,4515,4989,57,12170294
478,478,وخاور,8.8,5830,6430,57,10000000
479,479,دسانکو,33.72,10238,11314,43,1328022
480,480,وسخراش,-22.08,1301,1437,56,27433980
481,481,واعتبار,6.83,8520,9400,56,1637555
482,482,وکار,9.47,3054,3374,57,15800000
483,483,وبانک,5.72,8230,9090,39,10900000
485,485,ولپارس,10.94,3838,4242,58,3724857
486,486,ولبهمن,6.23,6621,7317,58,2156722
487,487,دانا,18.11,5130,5650,66,2798507
488,488,غنوش,14.32,36700,40560,42,400534
490,490,شبریز,6.5,32920,36380,23,2764722
491,491,پویا,,191616,219560,68,1
492,492,خگستر,7.48,2485,2745,34,15842055
493,493,دعبید,21.86,23380,25840,43,1800000
494,494,نشار,0.0,1,1,17,4000000
495,495,شجم,12.48,11818,12548,44,2600000
496,496,کاذر,12.61,14570,16090,54,954198
497,497,فبیرا,-33.31,2130,2260,28,4690432
498,498,افق,13.75,57480,63520,47,1200000
499,499,کفرآور,23.94,18699,19855,54,506355
500,500,جهرم,117.71,1601,1699,44,6067962
501,501,کیسون,4.12,9050,9418,70,2016000
502,502,تاپکیش,31.55,11997,13259,72,1148458
503,503,دامین,12.69,3385,3741,43,4177109
504,504,خلیبل,-0.75,231,245,34,42016807
505,505,زرین,,10781,13175,68,1
506,506,ختور,16.92,18630,20590,34,801710
507,507,بوعلی,7.32,55680,61540,44,1400000
508,508,کمنگنز,9.34,66860,73880,13,212826
509,509,لازما,-218.23,20906,22198,29,467574
510,510,معیار,-508.65,41007,43543,56,234045
511,511,کمرجان,66.19,133780,147862,54,106691
512,512,کرمان,41.86,1195,1319,70,17048072
513,513,آسیا,6.12,1845,2039,66,9652722
514,514,وسرضوی,-21.51,765,845,56,140007133
515,515,سحرخیز,,8345,10199,68,1
517,517,غشوکو,22.58,30510,33720,42,326616
518,518,تابا,176.57,32196,35584,74,306129
519,519,شتران,5.71,8750,9670,23,12793177
520,520,بپاس,51.32,59471,65731,66,1915190
521,521,سغرب,13.07,22390,24730,53,619579
522,522,وامید,16.0,11710,12930,39,9302326
523,523,دکپسول,10.36,31928,35288,43,461653
524,524,تکنار,271.74,92056,97750,13,106975
525,525,پلاست,17.24,44207,46941,25,213411
526,526,افرا,27.55,25308,27970,72,585526
527,527,غمارگ,23.2,24720,27320,42,581395
528,528,چکارن,27.02,2389,2639,21,5968961
529,529,تبرک,41.43,12849,14201,42,1117402
530,530,کیان,,26759,32705,68,1
532,532,تصمیم,,15312,18714,68,1
533,533,مارون,9.3,159657,176463,44,589790
534,534,واحصا,111.22,40051,42527,65,243008
535,535,وارس,46.99,14127,14999,65,707064
536,536,ثپردیس,64.22,4873,5385,70,2919424
538,538,فسرب,14.12,73150,80850,27,187758
539,539,بتک,161.67,33589,34959,31,145884
540,540,فروس,7.59,5240,5780,27,2702703
541,541,زبینا,30.63,2622,2898,1,5628518
542,542,بنو,27.85,12778,14122,66,2400000
543,543,تپکو,-109.35,5252,5466,29,8448758
544,544,وتوشه,8.39,5510,6070,29,2487562
545,545,آریا,8.23,98097,108421,44,923669
546,546,فن آوا,185.33,19449,20651,72,495025
547,547,آپ,38.42,10830,11950,72,2220000
548,548,فتوسا,12.5,13636,15070,27,1000134
549,549,وسقم,41.38,1337,1477,56,20926596
550,550,لسرما,9.73,18620,20560,29,765306
551,551,وسگیلا,-13.73,570,628,56,59805068
552,552,سخواف,-321.16,15577,16539,53,622743
553,553,کباده,5.47,8716,9254,54,1112967
554,554,لخانه,37.42,22489,24855,29,423568
555,555,فنورد,7.83,186370,205970,27,75984
556,556,شلرد,-259.25,7848,8332,44,3600000
557,557,دفارا,10.26,15860,17520,43,856164
558,558,شکبیر,6.56,83287,88437,44,1151623
559,559,وسین,7.9,3395,3605,66,2857143
560,560,وکادو,26.4,18408,19546,56,534160
561,561,حاریا,-1547.64,16686,17366,61,293704
562,562,قلرست,15.3,31000,34260,38,459700
563,563,خموتور,17.35,8870,9790,34,1592357
564,564,غگیلا,61.62,22527,24897,42,602531
565,565,وصنعت,4.5,5080,5600,56,2830189
566,566,غگز,-26.66,1,999999,42,1
567,567,وجامی,16.69,12349,13111,56,803084
568,568,پلاسک,18.76,6170,6810,25,2365931
569,569,گنجین,,12041,14715,68,1
570,570,اوصتا,,17458,21336,68,1
571,571,فنوال,8.13,22240,24580,27,637213
572,572,والبر,9.13,8360,9240,43,3360040
573,573,سمتاز,14.41,25945,27549,53,400000
574,574,خفناور,-754.87,45967,48809,34,213667
575,575,شکف,-40.67,97413,101389,44,100000
576,576,فرابورس,29.53,18430,20370,67,2800000
577,577,امین,10.38,7220,7980,67,4400000
578,578,ومعادن,11.01,11030,12190,13,9884679
580,580,ومهان,7.01,14231,15727,56,4000000
581,581,لوتوس,7.93,7600,8400,67,3600000
582,582,خکار,9.1,15520,17140,34,957854
583,583,ارفع,6.97,15048,16630,27,4800000
584,584,فنفت,17.89,27166,28846,27,347114
585,585,وسکرشا,-5.22,717,791,56,34275468
586,586,گنگین,11.49,18398,19534,55,1200000
587,587,وپترو,12.21,12510,13810,44,1129518
588,588,سخند,3.47,9068,11082,68,1
589,589,پرداخت,12.57,18810,20790,72,1200000
590,590,ثاباد,96.8,47470,52450,70,300300
591,591,شسم,35.86,94399,98251,44,51600
592,592,وثوق,58.96,17423,18499,65,569120
593,593,گپارس,260.94,110255,117073,55,88919
594,594,نوین,3.54,5045,5575,66,2849545
595,595,غشاذر,50.94,6830,7530,42,2133713
596,596,شاوان,5.38,88735,98075,23,457369
597,597,کاوه,7.22,17480,19320,27,5321980
598,598,دالبر,9.72,11500,12700,43,1235585
599,599,حکشتی,46.99,15810,17470,60,7194245
600,600,فلات,54.61,14207,15085,56,683247
601,601,سقاین,10.5,60450,66810,53,230769
602,602,وهنر,69.73,7238,7684,90,1340303
603,603,شپارس,34.64,13750,15190,44,1025992
604,604,مانی,,10000,10000,68,1
605,605,دابور,9.63,23950,26470,43,566679
606,606,ولکار,12.64,4045,4469,58,3553660
607,607,غشصفا,34.57,26310,29070,42,560538
608,608,سلار,61.3,34866,37022,53,274183
609,609,دارا,,9027,11033,68,1
610,610,شکلر,25.26,36750,40610,44,373042
611,611,دارا یکم,,102690,125490,68,1
612,612,تکشا,9.52,26650,29450,29,560748
613,613,کگاز,18.77,16660,18400,54,823723
614,614,غکورش,10.64,39090,43190,42,1200000
615,615,سایرا,-97.53,37467,38995,54,130784
616,616,ونیرو,8.28,2475,2735,40,5882353
617,617,پاکشو,20.79,5230,5770,44,19200000
618,618,بالبر,-734.03,43320,47860,31,329598
619,619,کی بی سی,374.13,23868,26380,43,589600
620,620,دشیری,35.2,197786,210020,43,50383
621,621,ثنور,13.71,7817,8299,70,1238697
622,622,لابسا,8.56,34930,38590,29,415282
623,623,قنیشا,38.47,55490,61330,38,269493
624,624,ثشاهد,11.33,13020,14380,70,1602653
625,625,کقزوی,46.3,7351,7805,54,1333156
626,626,وسیزد,26.12,1216,1344,56,23805456
627,627,پاسا,7.43,19050,21050,25,757193
628,628,حبندر,15.83,32953,34991,60,285919
629,629,اپرداز,16.95,18186,20100,73,772241
630,630,خشرق,62.51,12450,13750,34,1095690
631,631,وتجارت,3.78,2354,2600,57,48979592
632,632,فنرژی,-3.22,15300,15924,28,313992
633,633,وسکرمان,-52.73,529,583,56,70576211
634,634,دقاضی,11.35,26350,27978,43,357769
635,635,ساینا,128.94,88785,98129,44,156153
636,636,سدبیر,12.16,42950,47470,56,334949
637,637,چفیبر,47.43,6720,7420,20,2196193
638,638,فجوش,-0.16,1486,1576,28,6531679
639,639,بپیوند,29.27,10438,11536,40,1363017
640,640,نطرین,34.38,7829,8653,17,1833293
642,642,خکاوه,47.26,4329,4595,34,2299909
643,643,غگلستا,58.05,22090,24414,42,652515
644,644,سرو,,65510,80050,68,1
645,645,وکبهمن,9.01,10037,11093,56,1403969
646,646,فایرا,6.91,14410,15910,27,3851896
647,647,گوهران,4.81,4752,5252,56,3000000
648,648,کاردان,,168310,205710,68,1
649,649,شفن,5.05,336490,371910,44,268911
650,650,فردا,,10047,12279,68,1
651,651,سکرد,33.06,6000,6620,53,2351097
652,652,لخزر,10.22,114090,126090,29,126337
653,653,شزنگ,185.75,123254,136228,23,80836
654,654,مدیر,,8307,10153,68,1
655,655,کتوکا,29.71,28621,31633,54,497975
656,656,وساشرقی,-16.58,761,841,56,81791146
657,657,خودرو,-4.09,1901,2101,34,60882801
658,658,مداران,22.41,21080,23280,72,707547
659,659,فافزا,33.99,40993,43527,27,233700
660,660,فیروزه,,145170,177410,68,1
661,661,تشتاد,512.06,7732,8210,34,1220555
662,662,دماوند,48.84,24709,27309,40,2208000
663,663,شتولی,-6.26,30877,32137,44,158857
664,664,سبجنو,10.24,39990,44190,53,363020
665,665,ددام,12.14,11390,12570,43,1266892
666,666,ثامان,-346.41,13480,14880,70,1110289
667,667,فوکا,16.73,14709,15617,27,2389891
668,668,گکوثر,-144.06,2321,2565,55,6124949
669,669,آساس,,154143,188397,68,1
670,670,فاسمین,7.29,16200,17900,27,2400000
671,671,دتوزیع,12.01,25914,28640,43,566658
672,672,فباهنر,8.56,24510,27070,27,1050000
673,673,اعتماد,,34096,41672,68,1
674,674,ولانا,41.15,22653,24053,65,416095
675,675,قپیرا,21.2,6780,7480,38,2118644
677,677,رمپنا,36.87,17120,18920,74,6521739
678,678,زنگان,30.42,55962,61852,27,259624
679,679,کهمدا,11.92,8990,9930,54,1530612
680,680,سخزر,13.34,22680,25060,53,627615
682,682,پادا,,100021,122247,68,1
683,683,پالایش,,62630,76530,68,1
685,685,اگ00068,,912000,1008000,69,1
687,687,دارو,12.92,24070,26590,43,603622
688,688,وتوس,38.62,11350,12530,70,1273345
689,689,صنوین,,100300,122580,68,1
691,691,فپنتا,7.15,437820,483900,27,32119
692,692,شبصیر,7.2,83131,91881,44,200000
693,693,همراه,9.84,8930,9870,64,12889366
694,694,ثباغ,71.89,11044,12206,70,1346137
695,695,رافزا,13.0,71299,78803,72,199955
697,697,پارتا,12.82,27790,29508,25,880800
699,699,کاریس,,12007,14675,68,1
700,700,دیران,21.73,17760,19620,43,811249
701,701,پترول,2.86,10250,11310,44,10000000
702,702,بشهاب,18.84,89330,98730,31,160222
703,703,اوان,55.73,31705,35041,73,449318
704,704,البرز,4.32,2601,2873,66,11539542
705,705,ختوقا,16.08,2097,2317,34,6909258
706,706,فکمند,,22860,24274,28,414440
707,707,دپارس,9.9,35800,39560,43,416435
708,708,هرمز,5.89,14478,16002,27,7907743
709,709,پارند,,10152,12406,68,1
710,710,شخارک,7.81,45060,49800,44,2012477
711,711,بگیلان,32.72,18426,20364,40,1720000
712,712,داریک,,9854,12042,68,1
713,713,زقیام,18.53,17739,19605,1,842319
715,715,دبالک,20.24,13876,15336,43,1033557
717,717,غبهار,33.33,16684,17714,42,589519
718,718,ثروتم,,76745,93799,68,1
719,719,ولصنم,13.66,7290,8050,58,1913265
720,720,غصینو,42.92,44175,48823,42,1727500
721,721,سپ,34.64,25940,28660,72,2000000
722,722,شپترو,56.1,4280,4544,44,2208000
