time,row,askcount,askvol,askprice,bidprice,bidvol,bidcount
63127,1,0,0,0,2400,500,1
63127,2,0,0,0,2467,40000,1
63127,3,0,0,0,2538,12000,1
63127,4,0,0,0,2548,205000,2
63127,5,0,0,0,2590,5000,2
84501,1,0,0,0,2338,499668,3
84501,2,0,0,0,2400,500,1
84501,3,0,0,0,2467,40000,1
84501,4,0,0,0,2538,12000,1
84501,5,0,0,0,2548,205000,2
84502,1,0,0,0,2338,830280,5
84502,1,0,0,0,2338,1030280,6
84503,1,0,0,0,2338,1045280,7
84505,1,0,0,0,2338,1202027,8
84506,1,0,0,0,2338,1402027,9
84506,1,0,0,0,2338,1416806,10
84510,1,0,0,0,2338,1536806,12
84511,1,0,0,0,2338,1541806,13
84512,1,0,0,0,2338,1589342,14
84513,1,0,0,0,2338,1629342,15
84515,1,0,0,0,2338,1669342,16
84517,1,0,0,0,2338,1705842,17
84517,1,0,0,0,2338,1905842,18
84517,1,0,0,0,2338,2055842,19
84517,5,0,0,0,2548,5000,1
84517,1,0,0,0,2338,2088842,20
84518,1,0,0,0,2338,2401122,22
84518,1,0,0,0,2338,2475783,24
84519,5,0,0,0,2548,10000,2
84520,1,0,0,0,2338,2485863,25
84523,2,0,0,0,2400,154500,2
84528,1,0,0,0,2338,2493801,26
84532,1,1,13149,2338,2338,2493801,26
84539,1,1,13149,2338,2338,2497801,27
84540,1,1,13149,2338,2338,2530563,28
84554,1,1,13149,2338,2338,2430563,27
84557,1,1,13149,2338,2338,2436813,28
84601,1,1,13149,2338,2338,2439313,29
84607,2,0,0,0,2400,500,1
84615,1,1,13149,2338,2338,2464313,30
84643,1,1,13149,2338,2338,2618313,31
84710,1,1,13149,2338,2338,2638313,32
84725,1,1,13149,2338,2338,2658337,33
84728,1,1,13149,2338,2338,2458337,32
84736,1,2,51649,2338,2338,2458337,32
84740,1,2,51649,2338,2338,2522300,33
84741,1,3,121649,2338,2338,2522300,33
84748,4,0,0,0,2500,2000,1
84748,5,0,0,0,2538,12000,1
84752,1,4,126649,2338,2338,2522300,33
84758,4,0,0,0,2500,3710,2
84807,4,0,0,0,2500,1710,1
84828,1,4,126649,2338,2338,2530803,34
84833,1,4,126649,2338,2338,2550803,35
84842,1,4,126649,2338,2338,2479290,34
84849,1,5,128849,2338,2338,2479290,34
84912,1,5,128849,2338,2338,2589290,35
84919,1,5,128849,2338,2338,2669290,36
84949,1,5,128849,2338,2338,2559290,35
85003,1,5,128849,2338,2338,2479290,34
85005,4,0,0,0,2500,4710,2
85007,2,0,0,0,2467,40000,1
85007,3,0,0,0,2500,4710,2
85007,4,0,0,0,2538,12000,1
85007,5,0,0,0,2548,10000,2
85034,1,6,130999,2338,2338,2479290,34
85045,2,0,0,0,2461,6938,1
85045,3,0,0,0,2467,40000,1
85045,4,0,0,0,2500,4710,2
85045,5,0,0,0,2538,12000,1
85115,1,6,130999,2338,2338,2481290,35
85118,1,6,130999,2338,2338,2486290,36
85144,1,6,130999,2338,2338,2491290,37
85145,4,0,0,0,2480,2999,1
85145,5,0,0,0,2500,4710,2
85200,1,7,155999,2338,2338,2491290,37
85205,1,8,158499,2338,2338,2491290,37
85220,1,8,158499,2338,2338,2691290,38
85225,2,0,0,0,2400,100000,1
85225,3,0,0,0,2461,6938,1
85225,4,0,0,0,2467,40000,1
85225,5,0,0,0,2480,2999,1
85234,1,8,158499,2338,2338,2791290,39
85248,1,9,171284,2338,2338,2791290,39
85256,1,9,171284,2338,2338,2781210,38
85317,1,10,197374,2338,2338,2781210,38
85336,1,10,197374,2338,2338,2795210,39
85336,2,0,0,0,2400,104010,2
85345,1,10,197374,2338,2338,2790210,38
85410,1,9,127374,2338,2338,2790210,38
85413,1,8,124874,2338,2338,2790210,38
85414,4,0,0,0,2466,5000,1
85414,5,0,0,0,2467,40000,1
85423,1,8,124874,2338,2338,2794210,39
85439,1,8,124874,2338,2338,2644210,38
85445,1,7,99874,2338,2338,2644210,38
85703,1,8,115113,2338,2338,2644210,38
85730,1,9,117323,2338,2338,2644210,38
85735,1,10,125837,2338,2338,2644210,38
85746,1,10,125837,2338,2338,2673410,39
85747,1,10,125837,2338,2338,2674410,40
85814,1,10,125837,2338,2338,2676260,41
85851,2,0,0,0,2340,14237,1
85851,3,0,0,0,2400,104010,2
85851,4,0,0,0,2461,6938,1
85851,5,0,0,0,2466,5000,1
85929,5,0,0,0,2462,2100,1
85935,1,11,130837,2338,2338,2676260,41
85937,1,11,130837,2338,2338,2683552,42
85937,1,11,130837,2338,2338,2699385,43
85957,1,11,130837,2338,2338,2713834,44
90015,2,0,0,0,2340,19425,2
90028,1,0,0,0,2338,2582997,44
90028,1,0,0,0,2338,2572997,44
90034,1,0,0,0,2338,2566747,43
90050,1,0,0,0,2338,2571747,44
90055,1,0,0,0,2338,2576747,45
90106,1,0,0,0,2338,2581935,46
90106,2,0,0,0,2340,14237,1
90110,1,0,0,0,2338,2631935,47
90134,1,0,0,0,2338,2645135,48
90138,1,0,0,0,2338,2652556,49
90218,1,0,0,0,2338,2755756,50
90219,1,0,0,0,2338,2751495,50
90228,1,0,0,0,2338,2749095,50
90229,3,0,0,0,2400,164010,3
90248,1,0,0,0,2338,2769095,51
90313,1,0,0,0,2338,2779095,52
90321,1,0,0,0,2338,2784095,53
90321,1,0,0,0,2338,2780495,53
90322,1,0,0,0,2338,2790495,54
90329,1,0,0,0,2338,2890495,55
90339,1,0,0,0,2338,2892695,56
90343,1,0,0,0,2338,2893695,57
90402,1,0,0,0,2338,2926504,58
90415,1,0,0,0,2338,2936504,59
90415,1,0,0,0,2338,2941504,60
90451,1,0,0,0,2338,2939282,60
90456,1,0,0,0,2338,2989282,61
90456,1,0,0,0,2338,2987060,61
90500,1,0,0,0,2338,2984900,61
90501,1,0,0,0,2338,2982678,61
90506,1,0,0,0,2338,2980456,61
90510,1,0,0,0,2338,2978234,61
90511,1,0,0,0,2338,2978235,62
90513,1,0,0,0,2338,3038235,63
90514,1,0,0,0,2338,3036013,63
90518,1,0,0,0,2338,3033791,63
90523,1,0,0,0,2338,3031569,63
90527,1,0,0,0,2338,3029347,63
90529,1,0,0,0,2338,3030897,64
90531,1,0,0,0,2338,3028675,64
90535,1,0,0,0,2338,3026453,64
90539,1,0,0,0,2338,3024231,64
90548,1,0,0,0,2338,3027230,65
90548,1,0,0,0,2338,3099230,66
90554,1,0,0,0,2338,3114096,67
90602,1,0,0,0,2338,3209527,68
90608,1,0,0,0,2338,3207305,68
90622,1,0,0,0,2338,3209305,69
90642,1,0,0,0,2338,3200782,69
90646,1,0,0,0,2338,3195782,69
90651,1,0,0,0,2338,3269506,70
90653,1,0,0,0,2338,3274506,71
90708,1,0,0,0,2338,3277006,72
90743,1,0,0,0,2338,3477006,73
90743,1,0,0,0,2338,3474784,73
90744,1,0,0,0,2338,3511284,74
90757,1,0,0,0,2338,3711284,75
90833,1,0,0,0,2338,3811284,76
90837,1,0,0,0,2338,3813284,77
90843,1,0,0,0,2338,3768284,76
90846,1,0,0,0,2338,3792548,77
90852,1,0,0,0,2338,3790326,77
90911,1,0,0,0,2338,3791196,78
90925,1,0,0,0,2338,3793196,79
91000,1,0,0,0,2338,3797034,80
91010,1,0,0,0,2338,3800751,81
91058,1,0,0,0,2338,3790751,81
91103,1,0,0,0,2338,3788529,81
91129,1,0,0,0,2338,3827245,82
91219,1,0,0,0,2338,3724045,81
91226,1,0,0,0,2338,3721855,81
91233,1,0,0,0,2338,3688855,80
91242,1,0,0,0,2338,3692955,81
91247,2,0,0,0,2340,17237,2
91256,1,0,0,0,2338,3689955,81
91257,1,0,0,0,2338,3691044,82
91304,1,0,0,0,2338,3688822,82
91331,1,0,0,0,2338,3684561,82
91344,1,0,0,0,2338,3664561,82
91347,1,0,0,0,2338,3671941,83
91410,1,0,0,0,2338,3821941,84
91430,1,0,0,0,2338,3819746,84
91511,1,0,0,0,2338,3841746,85
91512,1,0,0,0,2338,3839246,85
91520,1,0,0,0,2338,3856049,86
91609,1,0,0,0,2338,3848669,85
91613,4,0,0,0,2408,25500,1
91613,5,0,0,0,2461,6938,1
91621,1,0,0,0,2338,3846113,85
91629,1,0,0,0,2338,3871613,86
91629,4,0,0,0,2461,6938,1
91629,5,0,0,0,2462,2100,1
91634,1,0,0,0,2338,3846113,85
91725,1,0,0,0,2338,3900334,86
91726,1,0,0,0,2338,3880334,85
91809,1,0,0,0,2338,3892834,86
91901,1,0,0,0,2338,3907139,87
91904,1,0,0,0,2338,3847139,86
92008,1,0,0,0,2338,3840543,86
92027,1,0,0,0,2338,3825969,86
92027,1,0,0,0,2338,3815969,86
92034,1,0,0,0,2338,3825969,87
92038,1,0,0,0,2338,3838769,88
92044,1,0,0,0,2338,3833769,88
92102,1,0,0,0,2338,3830769,88
92130,1,0,0,0,2338,3820769,88
92203,4,0,0,0,2450,5000,1
92203,5,0,0,0,2461,6938,1
92231,1,0,0,0,2338,3897797,89
92306,1,0,0,0,2338,3900797,90
92324,1,0,0,0,2338,3904797,91
92446,1,0,0,0,2338,3908621,92
92449,4,0,0,0,2450,10000,2
92509,1,0,0,0,2338,3904360,92
92600,3,0,0,0,2400,166010,4
92605,1,0,0,0,2338,3900360,91
92616,1,0,0,0,2338,3896360,91
92624,1,0,0,0,2338,3887472,91
92716,1,0,0,0,2338,3882362,91
92723,4,0,0,0,2450,5000,1
92740,1,0,0,0,2338,3880189,91
92901,1,0,0,0,2338,3882089,92
92902,4,0,0,0,2449,5000,1
92902,5,0,0,0,2450,5000,1
92915,1,0,0,0,2338,3894089,93
93024,1,0,0,0,2338,3891789,93
93035,1,0,0,0,2338,3889185,93
93043,1,0,0,0,2338,3880004,93
93055,1,0,0,0,2338,3887004,94
93204,1,0,0,0,2338,3893304,95
93232,1,0,0,0,2338,3895304,96
93252,1,0,0,0,2338,3896404,97
93333,1,0,0,0,2338,3898904,98
93448,1,0,0,0,2338,3896704,98
93610,1,0,0,0,2338,3887469,98
93726,1,0,0,0,2338,3877469,98
93808,1,0,0,0,2338,3880469,99
93855,1,0,0,0,2338,3878319,99
93908,1,0,0,0,2338,3880289,100
94004,1,0,0,0,2338,3878139,100
94019,1,0,0,0,2338,3873139,100
94029,1,0,0,0,2338,3884116,101
94228,1,0,0,0,2338,3878116,101
94324,2,0,0,0,2340,24813,3
94427,2,0,0,0,2340,48460,4
94509,1,0,0,0,2338,4078116,102
94514,1,0,0,0,2338,4081616,103
94526,1,0,0,0,2338,4281616,104
94534,1,0,0,0,2338,4278116,103
94853,1,0,0,0,2338,4293116,104
95001,1,0,0,0,2338,4278116,103
95027,1,0,0,0,2338,4303116,104
95049,1,0,0,0,2338,4305116,105
95353,1,0,0,0,2338,4302966,105
95419,1,0,0,0,2338,4282966,105
95424,1,0,0,0,2338,4178812,104
95525,1,0,0,0,2338,4216498,105
95546,5,0,0,0,2461,6938,1
95626,1,0,0,0,2338,4216998,106
95639,1,0,0,0,2338,4211998,105
95737,1,0,0,0,2338,4214297,106
95754,5,0,0,0,2460,6000,1
95826,1,0,0,0,2338,4212075,106
95904,1,0,0,0,2338,4213572,107
95906,5,0,0,0,2460,10000,1
100108,1,0,0,0,2338,4211273,106
100130,1,0,0,0,2338,4206773,106
100209,1,0,0,0,2338,4222734,107
100247,1,0,0,0,2338,4220074,107
100253,1,0,0,0,2338,4317123,108
100303,1,0,0,0,2338,4320735,109
100310,1,0,0,0,2338,4318735,108
100329,1,0,0,0,2338,4323535,109
100337,1,0,0,0,2338,4313535,109
100403,1,0,0,0,2338,4321035,110
100422,1,0,0,0,2338,4308235,109
100430,1,0,0,0,2338,4287235,109
100438,1,0,0,0,2338,4284735,109
100620,1,0,0,0,2338,4296379,110
100622,1,0,0,0,2338,4286379,110
100725,1,0,0,0,2338,4318079,111
100728,1,0,0,0,2338,4328079,112
100843,1,0,0,0,2338,4323818,112
100921,1,0,0,0,2338,4328818,113
101026,1,0,0,0,2338,4323818,113
101210,1,0,0,0,2338,4508818,114
101211,1,0,0,0,2338,4515404,115
101333,1,0,0,0,2338,4520404,116
101348,1,0,0,0,2338,4423355,115
101421,1,0,0,0,2338,4443355,116
101633,1,0,0,0,2338,4430570,115
101648,1,0,0,0,2338,4428420,115
101725,1,0,0,0,2338,4353420,115
101729,1,0,0,0,2338,4386839,116
101755,2,0,0,0,2339,3500,1
101755,3,0,0,0,2340,48460,4
101755,4,0,0,0,2400,166010,4
101755,5,0,0,0,2449,5000,1
101820,2,0,0,0,2340,48460,4
101820,3,0,0,0,2400,166010,4
101820,4,0,0,0,2449,5000,1
101820,5,0,0,0,2461,6938,1
101820,1,0,0,0,2338,4382839,116
101917,1,0,0,0,2338,4387839,117
101919,5,0,0,0,2461,12938,2
101938,5,0,0,0,2460,6000,1
102022,5,0,0,0,2461,6938,1
102038,1,0,0,0,2338,4382839,116
102047,1,0,0,0,2338,4402660,117
102052,1,0,0,0,2338,4410335,118
102105,1,0,0,0,2338,4468260,119
102251,1,0,0,0,2338,4397293,119
102322,1,0,0,0,2338,4387293,119
102411,1,0,0,0,2338,4391193,120
102413,1,0,0,0,2338,4191193,119
102511,1,0,0,0,2338,4265193,119
102525,1,0,0,0,2338,4255029,119
102548,1,0,0,0,2338,4176029,118
102548,2,0,0,0,2340,127460,5
102730,2,0,0,0,2340,48460,4
102803,3,0,0,0,2361,76000,1
102803,4,0,0,0,2400,166010,4
102803,5,0,0,0,2449,5000,1
102808,1,0,0,0,2338,4173686,118
102817,1,0,0,0,2338,4163686,118
102834,1,0,0,0,2338,4158686,117
102839,1,0,0,0,2338,4156486,117
102857,1,0,0,0,2338,4146486,117
102900,1,0,0,0,2338,4144084,116
102918,1,0,0,0,2338,4114084,116
102952,1,0,0,0,2338,4111884,116
103031,1,0,0,0,2338,4109684,116
103048,1,0,0,0,2338,4111014,117
103107,1,0,0,0,2338,4161014,118
103243,1,0,0,0,2338,4171014,119
103247,1,0,0,0,2338,4178483,120
103304,1,0,0,0,2338,4168483,120
103320,1,0,0,0,2338,4171183,121
103354,1,0,0,0,2338,4353004,122
103437,4,0,0,0,2400,176010,5
103444,1,0,0,0,2338,4350004,122
103502,1,0,0,0,2338,4347004,122
103502,1,0,0,0,2338,4447004,123
103543,1,0,0,0,2338,4439583,122
103609,1,0,0,0,2338,4434583,122
103609,1,0,0,0,2338,4334583,121
103619,1,0,0,0,2338,4467583,122
103740,1,0,0,0,2338,4447583,122
103741,1,0,0,0,2338,4432193,122
103813,1,0,0,0,2338,4422193,122
103926,1,0,0,0,2338,4433803,123
104021,1,0,0,0,2338,4425803,123
104024,1,0,0,0,2338,4415803,123
104028,1,0,0,0,2338,4418803,124
104139,1,0,0,0,2338,4416663,124
104248,1,0,0,0,2338,4413663,124
104545,1,0,0,0,2338,4363663,123
104553,1,0,0,0,2338,4313663,123
104716,1,0,0,0,2338,4315939,124
104727,1,0,0,0,2338,4317039,125
104829,1,0,0,0,2338,4314889,125
104831,1,0,0,0,2338,4316889,126
104834,1,0,0,0,2338,4318851,127
104858,1,0,0,0,2338,4243851,127
104903,1,0,0,0,2338,4241351,127
105238,1,0,0,0,2338,4243508,128
105247,1,0,0,0,2338,4233508,128
105248,1,0,0,0,2338,4231008,128
105258,1,0,0,0,2338,4228861,128
105343,1,0,0,0,2338,4233861,129
105431,1,0,0,0,2338,4236861,130
105436,1,0,0,0,2338,4266861,131
105443,1,0,0,0,2338,4264711,131
105604,1,0,0,0,2338,4260711,131
105604,1,0,0,0,2338,4255711,131
105720,1,0,0,0,2338,4247188,131
105806,1,0,0,0,2338,4262889,132
105855,1,0,0,0,2338,4269889,133
110030,1,0,0,0,2338,4264889,132
110048,5,0,0,0,2449,205000,2
110056,5,0,0,0,2449,405000,3
110109,5,0,0,0,2449,205000,2
110110,5,0,0,0,2449,5000,1
110312,1,0,0,0,2338,4260632,132
110509,1,0,0,0,2338,4258482,132
110620,1,0,0,0,2338,4318482,133
110658,1,0,0,0,2338,4319975,134
110718,1,0,0,0,2338,4309975,134
110743,5,0,0,0,2449,25000,2
110814,1,0,0,0,2338,4301472,133
111009,1,0,0,0,2338,4325289,134
111032,1,0,0,0,2338,4327579,135
111053,1,0,0,0,2338,4325289,134
111101,1,0,0,0,2338,4320289,134
111115,1,0,0,0,2338,4330289,135
111200,1,0,0,0,2338,4300289,134
111210,1,0,0,0,2338,4291786,133
111232,1,0,0,0,2338,4371786,134
111505,1,0,0,0,2338,4369613,134
111649,2,0,0,0,2339,11236,1
111649,3,0,0,0,2340,48460,4
111649,4,0,0,0,2361,76000,1
111649,5,0,0,0,2400,176010,5
111721,3,0,0,0,2340,50640,5
111723,1,0,0,0,2338,4367413,134
111729,1,0,0,0,2338,4377413,135
111755,1,0,0,0,2338,4387413,136
111823,1,0,0,0,2338,4385213,136
111859,1,0,0,0,2338,4383213,135
112018,1,0,0,0,2338,4370213,134
112043,2,0,0,0,2339,15236,2
112147,1,0,0,0,2338,4372397,135
112207,4,0,0,0,2361,106000,2
112221,4,0,0,0,2361,76000,1
112240,1,0,0,0,2338,4370197,135
112242,2,0,0,0,2339,11236,1
112332,1,0,0,0,2338,4170197,131
112342,1,0,0,0,2338,3970197,130
112342,1,0,0,0,2338,3770197,123
112342,1,0,0,0,2338,3734097,123
112346,1,0,0,0,2338,3534097,116
112346,1,0,0,0,2338,3334097,115
112347,1,0,0,0,2338,3263942,114
112348,1,0,0,0,2338,3063942,101
112350,1,0,0,0,2338,3041625,100
112351,1,0,0,0,2338,3001625,98
112351,1,0,0,0,2338,2905476,95
112353,1,0,0,0,2338,2705476,86
112353,1,0,0,0,2338,2651652,86
112354,1,0,0,0,2338,2638653,85
112354,1,0,0,0,2338,2636469,84
112356,1,0,0,0,2338,2629845,84
112356,1,0,0,0,2338,2586505,84
112357,1,0,0,0,2338,2555440,81
112358,1,0,0,0,2338,2545440,81
112400,1,0,0,0,2338,2345440,80
112400,1,0,0,0,2338,2145440,79
112403,1,0,0,0,2338,1945440,70
112404,1,0,0,0,2338,1902440,68
112404,1,0,0,0,2338,1892440,68
112404,1,0,0,0,2338,1764764,66
112405,1,0,0,0,2338,1564764,56
112406,1,0,0,0,2338,1536952,49
112406,1,0,0,0,2338,1532027,48
112406,1,0,0,0,2338,1510719,47
112407,1,0,0,0,2338,1410719,47
112407,1,0,0,0,2338,1400719,47
112407,1,0,0,0,2338,1200719,46
112407,1,0,0,0,2338,1195719,46
112408,1,0,0,0,2338,1095719,44
112408,1,0,0,0,2338,1032400,38
112408,1,0,0,0,2338,932400,33
112408,1,0,0,0,2338,923400,33
112409,1,0,0,0,2338,870844,33
112409,1,0,0,0,2338,857244,33
112410,1,0,0,0,2338,835276,33
112410,1,0,0,0,2338,635276,25
112410,1,0,0,0,2338,526173,20
112410,1,0,0,0,2338,476173,20
112410,1,0,0,0,2338,463388,20
112411,1,0,0,0,2338,398548,20
112411,1,0,0,0,2338,198548,8
112411,1,0,0,0,2338,188548,7
112411,1,1,11452,2338,2339,11236,1
112411,2,0,0,0,2340,50640,5
112411,3,0,0,0,2361,76000,1
112411,4,0,0,0,2400,176010,5
112411,5,0,0,0,2420,10000,1
112411,1,2,211452,2338,2339,11236,1
112412,1,3,411452,2338,2339,11236,1
112412,1,4,432760,2338,2339,11236,1
112412,1,5,454068,2338,2339,11236,1
112412,1,6,654068,2338,2339,11236,1
112413,1,7,854068,2338,2339,11236,1
112413,1,8,1054068,2338,2339,11236,1
112413,1,9,1254068,2338,2339,11236,1
112413,1,10,1267934,2338,2339,11236,1
112413,1,11,1305630,2338,2339,11236,1
112416,1,12,1319230,2338,2339,11236,1
112416,1,13,1369230,2338,2339,11236,1
112417,1,12,1347922,2338,2339,11236,1
112417,1,13,1350422,2338,2339,11236,1
112418,4,0,0,0,2399,100000,1
112418,5,0,0,0,2400,176010,5
112418,1,14,1360422,2338,2339,11236,1
112418,1,15,1362979,2338,2339,11236,1
112420,1,14,1341671,2338,2339,11236,1
112425,1,1,287,2339,2340,50640,5
112425,2,14,1341671,2338,2361,76000,1
112425,3,0,0,0,2399,100000,1
112425,4,0,0,0,2400,176010,5
112425,5,0,0,0,2420,10000,1
112426,1,2,11523,2339,2340,50640,5
112426,3,0,0,0,2398,10000,1
112426,4,0,0,0,2399,100000,1
112426,5,0,0,0,2400,176010,5
112429,2,13,1328071,2338,2361,76000,1
112429,1,2,11523,2339,2340,45640,5
112430,1,3,14806,2339,2340,45640,5
112432,2,14,1333071,2338,2361,76000,1
112434,1,3,14806,2339,2361,76000,1
112434,2,14,1333071,2338,2398,10000,1
112434,3,0,0,0,2399,100000,1
112434,4,0,0,0,2400,176010,5
112434,5,0,0,0,2420,10000,1
112434,2,14,1333071,2338,2386,5000,1
112434,3,0,0,0,2398,10000,1
112434,4,0,0,0,2399,100000,1
112434,5,0,0,0,2400,176010,5
112435,2,15,1335571,2338,2386,5000,1
112441,2,16,1356879,2338,2386,5000,1
112441,1,1,6000,2340,2361,76000,1
112441,2,3,14806,2339,2386,5000,1
112441,3,16,1356879,2338,2398,10000,1
112443,3,17,1378187,2338,2398,10000,1
112443,2,4,24806,2339,2386,5000,1
112443,3,16,1368187,2338,2398,10000,1
112445,2,4,24806,2339,2385,100000,1
112445,3,16,1368187,2338,2386,5000,1
112445,4,0,0,0,2398,10000,1
112446,1,2,26000,2340,2361,76000,1
112446,2,5,29806,2339,2385,100000,1
112446,3,15,1363187,2338,2386,5000,1
112447,3,14,1360687,2338,2386,5000,1
112449,1,2,26000,2340,2361,26000,1
112451,1,2,26000,2340,2361,17279,1
112452,1,1,3821,2361,2385,100000,1
112452,2,2,26000,2340,2386,5000,1
112452,3,5,29806,2339,2398,10000,1
112452,4,14,1360687,2338,2400,176010,5
112452,5,0,0,0,2412,43340,1
112453,1,1,3821,2361,2384,10000,1
112453,2,2,26000,2340,2385,100000,1
112453,3,5,29806,2339,2386,5000,1
112454,1,2,23821,2361,2384,10000,1
112455,1,2,23821,2361,2385,88928,1
112455,2,2,26000,2340,2386,5000,1
112455,3,5,29806,2339,2400,176010,5
112455,4,14,1360687,2338,2412,43340,1
112455,5,0,0,0,2420,10000,1
112456,2,3,31000,2340,2386,5000,1
112456,3,4,24806,2339,2400,176010,5
112456,4,14,1360687,2338,2410,53824,1
112456,5,0,0,0,2412,43340,1
112457,1,2,23821,2361,2375,200000,1
112457,2,3,31000,2340,2385,88928,1
112457,3,4,24806,2339,2386,5000,1
112457,4,14,1360687,2338,2400,176010,5
112457,5,0,0,0,2410,53824,1
112457,3,3,24519,2339,2386,5000,1
112501,1,3,44921,2361,2375,200000,1
112503,1,3,44921,2361,2375,180000,1
112503,2,2,11000,2340,2385,88928,1
112505,1,3,44921,2361,2374,88928,1
112505,2,2,11000,2340,2375,180000,1
112505,4,13,1160687,2338,2400,176010,5
112506,3,2,13283,2339,2386,5000,1
112507,4,14,1190687,2338,2400,176010,5
112507,4,13,1179235,2338,2400,176010,5
112507,3,3,23283,2339,2386,5000,1
112514,1,3,44921,2361,2374,108928,2
112514,1,3,44921,2361,2374,58928,2
112515,3,3,23283,2339,2386,205000,2
112516,1,2,41100,2361,2374,58928,2
112517,2,2,11000,2340,2375,185500,2
112518,1,2,41100,2361,2374,45779,2
112520,1,2,41100,2361,2373,50000,1
112520,2,2,11000,2340,2374,45779,2
112520,3,3,23283,2339,2375,185500,2
112520,4,13,1179235,2338,2386,205000,2
112520,5,0,0,0,2400,176010,5
112520,1,2,41100,2361,2371,180000,1
112520,2,2,11000,2340,2373,50000,1
112520,3,3,23283,2339,2374,45779,2
112520,4,13,1179235,2338,2375,5500,1
112520,5,0,0,0,2386,205000,2
112522,3,4,30283,2339,2374,45779,2
112525,1,2,41100,2361,2371,177273,1
112526,1,2,28101,2361,2371,177273,1
112527,4,14,1184351,2338,2375,5500,1
112528,1,2,28101,2361,2370,25779,1
112528,2,2,11000,2340,2371,177273,1
112528,3,4,30283,2339,2373,50000,1
112528,4,14,1184351,2338,2374,20000,1
112528,5,0,0,0,2375,5500,1
112530,4,13,1170485,2338,2374,20000,1
112532,1,1,21100,2361,2370,25779,1
112534,4,12,970485,2338,2374,20000,1
112535,1,2,11000,2340,2361,1217,1
112535,2,4,30283,2339,2370,25779,1
112535,3,12,970485,2338,2371,177273,1
112535,4,0,0,0,2373,50000,1
112535,5,0,0,0,2374,20000,1
112536,2,4,30283,2339,2369,50000,1
112536,3,12,970485,2338,2370,25779,1
112536,4,0,0,0,2371,177273,1
112536,3,11,770485,2338,2370,25779,1
112538,1,2,11000,2340,2369,32465,1
112538,2,4,30283,2339,2370,25779,1
112538,3,11,770485,2338,2371,177273,1
112538,4,0,0,0,2374,20000,1
112538,5,0,0,0,2375,5500,1
112539,3,12,806485,2338,2371,177273,1
112541,3,13,854401,2338,2371,177273,1
112542,1,2,11000,2340,2368,177273,1
112542,2,4,30283,2339,2369,32465,1
112542,3,13,854401,2338,2370,25779,1
112545,3,12,833093,2338,2370,25779,1
112548,4,0,0,0,2374,25000,2
112550,1,2,11000,2340,2368,190058,2
112556,1,1,6000,2340,2368,190058,2
112556,3,13,838093,2338,2370,25779,1
112558,1,1,6000,2340,2367,25779,1
112558,2,4,30283,2339,2368,190058,2
112558,3,13,838093,2338,2369,32465,1
112559,1,4,30283,2339,2367,25779,1
112559,2,13,838093,2338,2368,190058,2
112559,3,0,0,0,2369,32465,1
112559,2,12,790177,2338,2368,190058,2
112601,1,1,20000,2340,2367,25779,1
112601,2,4,30283,2339,2368,190058,2
112601,3,12,790177,2338,2369,32465,1
112603,2,4,30283,2339,2368,12785,1
112603,1,1,20000,2340,2367,38564,2
112603,2,4,30283,2339,2369,32465,1
112603,3,12,790177,2338,2374,25000,2
112603,4,0,0,0,2375,5500,1
112603,5,0,0,0,2386,13721,2
112605,3,13,820177,2338,2374,25000,2
112606,3,14,822357,2338,2374,25000,2
112608,2,5,35283,2339,2369,32465,1
112612,1,1,20000,2340,2367,34406,2
112612,3,15,825357,2338,2374,25000,2
112613,1,1,8479,2350,2367,34406,2
112613,2,1,20000,2340,2369,32465,1
112613,3,5,35283,2339,2374,25000,2
112613,4,15,825357,2338,2375,5500,1
112623,2,2,26347,2340,2369,32465,1
112624,4,16,827579,2338,2375,5500,1
112625,2,2,26347,2340,2373,32465,1
112628,1,1,8479,2350,2366,20000,1
112628,2,2,26347,2340,2367,34406,2
112628,3,5,35283,2339,2373,32465,1
112628,4,16,827579,2338,2374,25000,2
112628,5,0,0,0,2375,5500,1
112630,4,17,837579,2338,2374,25000,2
112631,1,2,11479,2350,2366,20000,1
112632,2,2,26347,2340,2367,21621,1
112633,1,2,11479,2350,2365,21621,1
112633,2,2,26347,2340,2366,20000,1
112637,4,16,637579,2338,2374,25000,2
112639,4,15,437579,2338,2374,25000,2
112639,1,2,26347,2340,2350,3013,1
112639,2,5,35283,2339,2365,21621,1
112639,3,15,437579,2338,2366,20000,1
112639,4,0,0,0,2373,32465,1
112639,5,0,0,0,2374,25000,2
112640,1,3,36347,2340,2350,3013,1
112640,3,14,237579,2338,2366,20000,1
112641,3,13,216271,2338,2366,20000,1
112642,3,12,178575,2338,2366,20000,1
112647,1,3,36347,2340,2349,21621,1
112647,2,5,35283,2339,2350,3013,1
112647,5,0,0,0,2374,37785,3
112651,1,3,36347,2340,2350,3013,1
112651,2,5,35283,2339,2366,20000,1
112651,3,12,178575,2338,2373,32465,1
112651,4,0,0,0,2374,37785,3
112651,5,0,0,0,2375,5500,1
112653,3,11,148575,2338,2373,32465,1
112654,1,3,36347,2340,2350,850,1
112657,2,5,35283,2339,2365,21621,1
112657,3,11,148575,2338,2366,20000,1
112657,4,0,0,0,2373,32465,1
112657,5,0,0,0,2374,37785,3
112659,2,6,79483,2339,2365,21621,1
112701,1,3,33347,2340,2350,850,1
112703,1,1,1350,2350,2365,21621,1
112703,2,3,33347,2340,2366,20000,1
112703,3,6,79483,2339,2373,32465,1
112703,4,11,148575,2338,2374,37785,3
112703,5,0,0,0,2375,5500,1
112705,1,2,17149,2350,2365,21621,1
112705,1,1,12149,2350,2365,21621,1
112705,4,11,148575,2338,2374,32785,2
112706,1,2,15149,2350,2365,21621,1
112706,3,7,130601,2339,2373,32465,1
112707,2,1,42563,2341,2366,20000,1
112707,3,3,33347,2340,2373,32465,1
112707,4,7,130601,2339,2374,32785,2
112707,5,11,148575,2338,2375,5500,1
112709,3,4,35747,2340,2373,32465,1
112710,1,3,17692,2350,2365,21621,1
112710,1,3,17692,2350,2364,2500,1
112710,2,1,42563,2341,2365,21621,1
112710,3,4,35747,2340,2366,20000,1
112710,4,7,130601,2339,2373,32465,1
112710,5,11,148575,2338,2374,32785,2
112711,1,3,17692,2350,2365,10268,1
112711,2,1,42563,2341,2366,20000,1
112711,3,4,35747,2340,2373,32465,1
112711,4,7,130601,2339,2374,32785,2
112711,5,11,148575,2338,2375,5500,1
112712,1,3,7081,2350,2365,10268,1
112713,4,6,123601,2339,2374,32785,2
112714,2,2,47563,2341,2366,20000,1
112714,4,5,118601,2339,2374,32785,2
112715,1,4,12081,2350,2365,10268,1
112717,2,1,50000,2345,2366,20000,1
112717,3,2,47563,2341,2373,32465,1
112717,4,4,35747,2340,2374,32785,2
112717,5,5,118601,2339,2375,5500,1
112719,1,4,12081,2350,2365,2268,1
112721,4,5,43411,2340,2374,32785,2
112723,1,3,9914,2350,2365,2268,1
112724,1,1,50000,2345,2350,16516,1
112724,2,2,47563,2341,2365,2268,1
112724,3,5,43411,2340,2366,20000,1
112724,4,5,118601,2339,2373,32465,1
112724,5,10,98575,2338,2374,32785,2
112729,1,1,50000,2345,2350,14314,1
112730,5,11,108575,2338,2374,32785,2
112735,1,1,47732,2345,2350,14314,1
112735,2,2,47563,2341,2366,20000,1
112735,3,5,43411,2340,2373,32465,1
112735,4,5,118601,2339,2374,32785,2
112735,5,11,108575,2338,2375,5500,1
112735,1,1,35686,2350,2366,20000,1
112735,2,1,47732,2345,2373,32465,1
112735,3,2,47563,2341,2374,32785,2
112735,4,5,43411,2340,2375,5500,1
112735,5,5,118601,2339,2386,13721,2
112738,1,2,38186,2350,2366,20000,1
112738,3,1,7000,2342,2374,32785,2
112738,4,2,47563,2341,2375,5500,1
112738,5,5,43411,2340,2386,13721,2
112739,2,1,3000,2346,2373,32465,1
112739,3,1,47732,2345,2374,32785,2
112739,4,1,7000,2342,2375,5500,1
112739,5,2,47563,2341,2386,13721,2
112746,1,2,38186,2350,2365,7273,1
112746,2,1,3000,2346,2366,20000,1
112746,3,1,47732,2345,2373,32465,1
112746,4,1,7000,2342,2374,32785,2
112746,5,2,47563,2341,2375,5500,1
112747,1,3,45850,2350,2365,7273,1
112754,1,4,67049,2350,2365,7273,1
112755,1,1,22388,2365,2366,20000,1
112755,2,4,67049,2350,2373,32465,1
112755,3,1,3000,2346,2374,32785,2
112755,4,1,47732,2345,2375,5500,1
112755,5,1,7000,2342,2386,13721,2
112756,2,3,64549,2350,2373,32465,1
112756,1,1,3310,2365,2366,20000,1
112758,1,3,64549,2350,2360,6690,1
112758,2,1,3000,2346,2366,20000,1
112758,3,1,47732,2345,2373,32465,1
112758,4,1,7000,2342,2374,32785,2
112758,5,2,47563,2341,2375,5500,1
112759,1,4,79549,2350,2360,6690,1
112800,1,5,82093,2350,2360,6690,1
112801,1,3,32093,2350,2360,6690,1
112802,2,2,13000,2346,2366,20000,1
112805,4,2,47563,2341,2374,32785,2
112805,5,4,35747,2340,2375,5500,1
112806,1,2,13000,2346,2350,17907,1
112806,2,1,47732,2345,2360,6690,1
112806,3,2,47563,2341,2366,20000,1
112806,4,4,35747,2340,2373,32465,1
112806,5,5,118601,2339,2374,32785,2
112806,1,2,13000,2346,2350,13668,1
112807,1,3,43000,2346,2350,13668,1
112812,1,1,34687,2350,2360,6690,1
112812,2,3,43000,2346,2366,20000,1
112812,3,1,47732,2345,2373,32465,1
112812,4,2,47563,2341,2374,32785,2
112812,5,4,35747,2340,2375,5500,1
112815,1,1,27687,2346,2360,6690,1
112815,2,1,47732,2345,2366,20000,1
112815,3,2,47563,2341,2373,32465,1
112815,4,4,35747,2340,2374,32785,2
112815,5,5,118601,2339,2375,5500,1
112819,1,1,27687,2346,2360,15668,2
112820,1,2,45201,2346,2360,15668,2
112821,1,1,42933,2345,2360,15668,2
112821,2,2,47563,2341,2366,20000,1
112821,3,4,35747,2340,2373,32465,1
112821,4,5,118601,2339,2374,32785,2
112821,5,11,116443,2338,2375,5500,1
112822,2,3,98681,2341,2366,20000,1
112822,4,4,67483,2339,2374,32785,2
112822,2,2,56118,2341,2366,20000,1
112823,1,1,5650,2351,2360,15668,2
112823,2,1,42933,2345,2366,20000,1
112823,3,2,56118,2341,2373,32465,1
112823,4,4,35747,2340,2374,32785,2
112823,5,4,67483,2339,2375,5500,1
112824,1,2,56118,2341,2345,1417,1
112824,2,4,35747,2340,2360,15668,2
112824,3,4,67483,2339,2366,20000,1
112824,4,11,116443,2338,2373,32465,1
112824,5,0,0,0,2374,32785,2
112825,4,12,118659,2338,2373,32465,1
112830,1,1,167619,2350,2360,15668,2
112830,2,2,56118,2341,2366,20000,1
112830,3,4,35747,2340,2373,32465,1
112830,4,4,67483,2339,2374,32785,2
112830,5,12,118659,2338,2375,5500,1
112834,2,1,42545,2342,2366,20000,1
112834,3,2,56118,2341,2373,32465,1
112834,4,4,35747,2340,2374,32785,2
112834,5,4,67483,2339,2375,5500,1
112834,1,1,167619,2350,2360,13168,2
112834,2,1,42545,2342,2366,32785,2
112834,4,4,35747,2340,2374,20000,1
112835,1,1,134619,2350,2360,13168,2
112836,2,1,25500,2347,2366,32785,2
112836,3,1,42545,2342,2373,32465,1
112836,4,2,56118,2341,2374,20000,1
112836,5,4,35747,2340,2375,5500,1
112839,4,1,51118,2341,2374,20000,1
112841,3,1,7000,2343,2373,32465,1
112841,4,1,42545,2342,2374,20000,1
112841,5,1,51118,2341,2375,5500,1
112845,1,1,134619,2350,2373,32465,1
112845,2,1,25500,2347,2374,20000,1
112845,3,1,7000,2343,2375,5500,1
112845,4,1,42545,2342,2386,5000,1
112845,5,1,51118,2341,2400,176010,5
112846,1,2,139619,2350,2373,32465,1
112850,1,1,10000,2360,2373,32465,1
112850,2,2,139619,2350,2374,20000,1
112850,3,1,25500,2347,2375,5500,1
112850,4,1,7000,2343,2386,5000,1
112850,5,1,42545,2342,2400,176010,5
112852,1,1,50000,2367,2373,32465,1
112852,2,1,10000,2360,2374,20000,1
112852,3,2,139619,2350,2375,5500,1
112852,4,1,25500,2347,2386,5000,1
112852,5,1,7000,2343,2400,176010,5
112854,5,1,7000,2343,2400,220010,6
112856,1,1,50000,2367,2370,8978,1
112856,2,1,10000,2360,2373,32465,1
112856,3,2,139619,2350,2374,20000,1
112856,4,1,25500,2347,2375,5500,1
112856,5,1,7000,2343,2386,5000,1
112858,1,1,50000,2367,2373,8978,1
112858,2,1,10000,2360,2374,20000,1
112858,3,2,139619,2350,2375,5500,1
112858,4,1,25500,2347,2386,5000,1
112858,5,1,7000,2343,2400,220010,6
112859,4,1,25500,2347,2385,15000,1
112859,5,1,7000,2343,2386,5000,1
112901,1,1,10000,2360,2367,13319,1
112901,2,2,139619,2350,2373,8978,1
112901,3,1,25500,2347,2374,20000,1
112901,4,1,7000,2343,2375,5500,1
112901,5,1,42545,2342,2385,15000,1
112903,1,1,77703,2373,2374,20000,1
112903,2,1,10000,2360,2375,5500,1
112903,3,2,139619,2350,2385,15000,1
112903,4,1,25500,2347,2386,5000,1
112903,5,1,7000,2343,2400,220010,6
112906,1,1,68725,2373,2374,20000,1
112906,1,1,59747,2373,2374,20000,1
112906,1,1,54747,2373,2374,20000,1
112907,1,1,45769,2373,2374,20000,1
112908,1,1,10000,2360,2373,154231,1
112908,2,2,139619,2350,2374,20000,1
112908,3,1,25500,2347,2375,5500,1
112908,4,1,7000,2343,2385,15000,1
112908,5,1,42545,2342,2386,5000,1
112908,1,1,10000,2367,2373,154231,1
112908,2,1,10000,2360,2374,20000,1
112908,3,2,139619,2350,2375,5500,1
112908,4,1,25500,2347,2385,15000,1
112908,5,1,7000,2343,2386,5000,1
112908,1,1,10000,2367,2370,8978,1
112908,2,1,10000,2360,2373,59231,1
112908,3,2,139619,2350,2374,20000,1
112908,4,1,25500,2347,2375,5500,1
112908,5,1,7000,2343,2385,15000,1
112909,1,1,10000,2367,2370,17956,2
112909,2,1,10000,2360,2373,62231,2
112909,1,1,10000,2367,2370,26934,3
112909,1,1,10000,2367,2370,35912,4
112910,1,1,10000,2367,2370,44890,5
112910,1,1,10000,2367,2370,53868,6
112911,1,1,10000,2367,2370,62846,7
112911,1,1,10000,2367,2370,71824,8
112912,1,1,10000,2367,2370,80802,9
112912,1,1,10000,2367,2370,89780,10
112915,3,1,17000,2351,2374,20000,1
112915,4,2,139619,2350,2375,5500,1
112915,5,1,25500,2347,2385,15000,1
112916,4,3,141919,2350,2375,5500,1
112917,4,4,161919,2350,2375,5500,1
112923,1,1,10000,2367,2370,68967,8
112929,2,1,17000,2351,2373,62231,2
112929,3,4,161919,2350,2374,20000,1
112929,4,1,25500,2347,2375,5500,1
112929,5,1,21258,2345,2385,15000,1
112931,1,1,10000,2367,2370,38967,5
112935,1,1,10000,2367,2370,30559,4
112935,3,4,181919,2350,2374,20000,1
112935,1,1,10000,2367,2370,26559,3
112936,3,5,233037,2350,2374,20000,1
112939,2,1,17000,2351,2373,59231,1
112939,1,1,10000,2367,2370,28709,4
112942,1,2,12163,2367,2370,28709,4
112943,2,2,62000,2351,2373,59231,1
112945,2,1,5000,2356,2373,59231,1
112945,3,2,62000,2351,2374,20000,1
112945,4,5,233037,2350,2375,5500,1
112945,5,1,25500,2347,2385,15000,1
112950,1,3,16363,2367,2370,28709,4
112950,1,3,16363,2367,2369,2150,1
112950,2,1,5000,2356,2370,28709,4
112950,3,2,62000,2351,2373,59231,1
112950,4,5,233037,2350,2374,20000,1
112950,5,1,25500,2347,2375,5500,1
112956,4,5,233037,2350,2375,5500,1
112956,5,1,25500,2347,2385,15000,1
112958,5,1,21258,2345,2385,15000,1
113000,3,2,62000,2351,2375,5500,1
113000,4,5,233037,2350,2385,15000,1
113000,5,1,21258,2345,2386,5000,1
113005,1,3,16363,2367,2370,27859,4
113005,2,1,5000,2356,2375,5500,1
113005,3,2,62000,2351,2385,15000,1
113005,4,5,233037,2350,2386,5000,1
113005,5,1,21258,2345,2400,220010,6
113008,1,3,16363,2367,2370,37859,5
113009,4,5,253037,2350,2386,5000,1
113013,3,1,45000,2355,2385,15000,1
113013,4,2,62000,2351,2386,5000,1
113013,5,5,253037,2350,2400,220010,6
113013,1,3,16363,2367,2370,31610,5
113014,2,2,15000,2356,2375,5500,1
113019,1,3,16363,2367,2370,11610,2
113020,1,1,36390,2370,2375,5500,1
113020,2,3,16363,2367,2385,15000,1
113020,3,2,15000,2356,2386,5000,1
113020,4,1,45000,2355,2400,220010,6
113020,5,2,62000,2351,2410,60240,2
113026,1,2,48000,2370,2375,5500,1
113029,1,3,16363,2367,2370,11231,1
113029,2,2,15000,2356,2375,5500,1
113029,3,1,45000,2355,2385,15000,1
113029,4,2,62000,2351,2386,5000,1
113029,5,5,253037,2350,2400,220010,6
113029,1,2,6363,2367,2370,1231,1
113031,1,2,6363,2367,2370,12309,2
113033,1,2,6363,2367,2370,47639,3
113037,1,5,181400,2350,2370,47639,3
113037,2,1,21258,2345,2375,5500,1
113037,3,1,7000,2343,2385,15000,1
113037,4,1,44200,2342,2386,5000,1
113037,5,1,20000,2341,2400,220010,6
113043,1,5,181400,2350,2370,36561,2
113047,1,5,181400,2350,2370,33561,1
113049,1,5,181400,2350,2369,3748,1
113049,2,1,21258,2345,2370,33561,1
113049,3,1,7000,2343,2375,5500,1
113049,4,1,44200,2342,2385,15000,1
113049,5,1,20000,2341,2386,5000,1
113053,1,1,33906,2351,2369,3748,1
113053,2,5,181400,2350,2370,33561,1
113053,3,1,21258,2345,2375,5500,1
113053,4,1,7000,2343,2385,15000,1
113053,5,1,44200,2342,2386,5000,1
113053,1,1,15306,2350,2369,3748,1
113053,2,1,21258,2345,2370,33561,1
113053,3,1,7000,2343,2375,5500,1
113053,4,1,44200,2342,2385,15000,1
113053,5,1,20000,2341,2386,5000,1
113054,1,1,10000,2351,2369,3748,1
113054,2,1,15306,2350,2370,33561,1
113054,3,1,21258,2345,2375,5500,1
113054,4,1,7000,2343,2385,15000,1
113054,5,1,44200,2342,2386,5000,1
113059,2,2,28911,2350,2370,33561,1
113106,1,1,10000,2352,2369,3748,1
113106,2,1,10000,2351,2370,33561,1
113106,3,2,28911,2350,2375,5500,1
113106,4,1,21258,2345,2385,15000,1
113106,5,1,7000,2343,2386,5000,1
113106,1,2,210000,2352,2369,3748,1
113107,1,2,210000,2352,2370,27309,1
113107,2,1,10000,2351,2375,5500,1
113107,3,2,28911,2350,2385,15000,1
113107,4,1,21258,2345,2386,5000,1
113107,5,1,7000,2343,2400,220010,6
113111,1,2,210000,2352,2375,5500,1
113111,2,1,10000,2351,2385,15000,1
113111,3,2,28911,2350,2386,5000,1
113111,4,1,21258,2345,2400,220010,6
113111,5,1,7000,2343,2410,60240,2
113114,1,2,210000,2352,2370,3000,1
113114,2,1,10000,2351,2375,5500,1
113114,3,2,28911,2350,2385,15000,1
113114,4,1,21258,2345,2386,5000,1
113114,5,1,7000,2343,2400,220010,6
113118,1,2,210000,2352,2370,4000,2
113120,1,1,198922,2352,2370,4000,2
113121,1,1,96000,2370,2375,5500,1
113121,2,1,198922,2352,2385,15000,1
113121,3,1,10000,2351,2386,5000,1
113121,4,2,28911,2350,2400,220010,6
113121,5,1,21258,2345,2410,60240,2
113122,1,2,109500,2370,2375,5500,1
113123,1,2,104500,2370,2375,5500,1
113124,1,3,107500,2370,2375,5500,1
113125,1,2,11500,2370,2375,5500,1
113126,2,1,20000,2353,2385,15000,1
113126,3,1,198922,2352,2386,5000,1
113126,4,1,10000,2351,2400,220010,6
113126,5,2,28911,2350,2410,60240,2
113127,1,2,9000,2370,2375,5500,1
113127,5,3,50169,2350,2410,60240,2
113128,1,1,20000,2353,2370,18309,1
113128,2,1,198922,2352,2375,5500,1
113128,3,1,10000,2351,2385,15000,1
113128,4,3,50169,2350,2386,5000,1
113128,5,1,7000,2343,2400,220010,6
113131,1,1,20000,2353,2370,13309,1
113131,1,1,20000,2353,2370,18309,2
113134,5,1,7000,2343,2399,2805,1
113134,1,1,20000,2353,2370,14165,2
113137,1,1,7000,2353,2370,14165,2
113147,1,1,7000,2353,2370,11665,2
113149,1,2,11000,2353,2370,11665,2
113149,3,2,110000,2351,2385,15000,1
113151,1,3,21000,2353,2370,11665,2
113158,1,3,21000,2353,2400,220010,6
113158,2,1,198922,2352,2410,60240,2
113158,3,2,110000,2351,2412,43340,1
113158,4,3,50169,2350,2420,10000,1
113158,5,1,7000,2343,2430,100000,1
113159,1,1,25500,2355,2400,220010,6
113159,2,3,21000,2353,2410,60240,2
113159,3,1,198922,2352,2412,43340,1
113159,4,2,110000,2351,2420,10000,1
113159,5,3,50169,2350,2430,100000,1
113159,1,1,12612,2370,2400,220010,6
113159,2,1,25500,2355,2410,60240,2
113159,3,3,21000,2353,2412,43340,1
113159,4,1,198922,2352,2420,10000,1
113159,5,2,110000,2351,2430,100000,1
113202,1,1,12612,2370,2399,96149,1
113202,2,1,25500,2355,2400,220010,6
113202,3,3,21000,2353,2410,60240,2
113202,4,1,198922,2352,2412,43340,1
113202,5,2,110000,2351,2420,10000,1
113203,1,1,10112,2370,2399,96149,1
113203,5,2,110000,2351,2430,100000,1
113208,1,1,7612,2370,2399,96149,1
113209,1,1,7612,2370,2398,10000,1
113209,2,1,25500,2355,2399,96149,1
113209,3,3,21000,2353,2400,220010,6
113209,4,1,198922,2352,2410,60240,2
113209,5,2,110000,2351,2412,43340,1
113209,3,4,31000,2353,2400,220010,6
113212,1,2,27612,2370,2398,10000,1
113215,1,3,226534,2370,2398,10000,1
113215,4,2,110000,2351,2410,60240,2
113215,5,3,50169,2350,2412,43340,1
113216,2,2,31813,2355,2399,96149,1
113217,1,3,226534,2370,2398,106000,2
113218,3,5,43703,2353,2400,220010,6
113219,2,3,52903,2355,2399,96149,1
113222,1,3,226534,2370,2397,156556,1
113222,2,3,52903,2355,2398,106000,2
113222,3,5,43703,2353,2399,96149,1
113222,4,2,110000,2351,2400,220010,6
113222,5,3,50169,2350,2410,60240,2
113224,1,3,226534,2370,2397,252705,2
113224,3,5,43703,2353,2400,220010,6
113224,4,2,110000,2351,2410,60240,2
113224,5,3,50169,2350,2412,43340,1
113225,2,1,2557,2356,2398,106000,2
113225,3,3,52903,2355,2400,220010,6
113225,4,5,43703,2353,2410,60240,2
113225,5,2,110000,2351,2412,43340,1
113226,1,3,226534,2370,2397,257705,3
113227,2,1,2557,2356,2398,96000,1
113228,1,3,226534,2370,2396,22992,1
113228,2,1,2557,2356,2397,257705,3
113228,3,3,52903,2355,2398,96000,1
113228,4,5,43703,2353,2400,220010,6
113228,5,2,110000,2351,2410,60240,2
113229,1,3,226534,2370,2395,10000,1
113229,2,1,2557,2356,2396,22992,1
113229,3,3,52903,2355,2397,257705,3
113229,4,5,43703,2353,2398,96000,1
113229,5,2,110000,2351,2400,220010,6
113230,2,1,2557,2356,2396,27992,2
113231,1,4,236534,2370,2395,10000,1
113231,5,2,110000,2351,2399,11968,1
113231,2,2,5057,2356,2396,27992,2
113232,1,5,250139,2370,2395,10000,1
113236,3,4,252903,2355,2397,257705,3
113239,1,5,250139,2370,2394,96149,1
113239,2,2,5057,2356,2395,10000,1
113239,3,4,252903,2355,2396,27992,2
113239,4,5,43703,2353,2397,161556,2
113239,5,2,110000,2351,2398,96000,1
113241,1,5,249139,2370,2394,96149,1
113242,3,3,246590,2355,2396,27992,2
113243,1,1,5000,2371,2394,96149,1
113243,2,5,249139,2370,2395,10000,1
113243,3,2,5057,2356,2396,27992,2
113243,4,3,246590,2355,2397,161556,2
113243,5,5,43703,2353,2398,96000,1
113244,1,1,5000,2371,2393,52992,1
113244,2,5,249139,2370,2394,96149,1
113244,3,2,5057,2356,2395,10000,1
113244,4,3,246590,2355,2396,5000,1
113244,5,5,43703,2353,2397,161556,2
113245,3,2,5057,2356,2396,5000,1
113245,4,3,246590,2355,2397,161556,2
113245,5,5,43703,2353,2398,96000,1
113248,1,1,10000,2375,2393,52992,1
113248,2,1,5000,2371,2394,96149,1
113248,3,5,249139,2370,2396,5000,1
113248,4,2,5057,2356,2397,161556,2
113248,5,3,246590,2355,2398,96000,1
113249,1,1,10000,2375,2393,44992,1
113252,1,1,10000,2375,2393,49992,2
113252,4,2,5057,2356,2397,156556,1
113254,1,1,10000,2375,2390,10000,1
113254,2,1,5000,2371,2393,49992,2
113254,3,5,249139,2370,2394,96149,1
113254,4,2,5057,2356,2396,5000,1
113254,5,3,246590,2355,2397,156556,1
113255,1,1,10000,2375,2393,49992,2
113255,2,1,5000,2371,2394,96149,1
113255,3,5,249139,2370,2396,5000,1
113255,4,2,5057,2356,2397,156556,1
113255,5,3,246590,2355,2398,96000,1
113258,2,1,5000,2371,2395,96149,1
113258,4,1,6286,2365,2397,156556,1
113258,5,2,5057,2356,2398,96000,1
113302,1,1,10000,2375,2393,52492,3
113303,4,2,206286,2365,2397,156556,1
113304,1,1,5000,2376,2393,52492,3
113304,2,1,10000,2375,2395,96149,1
113304,1,1,5000,2376,2390,156556,1
113304,2,1,10000,2375,2393,52492,3
113304,3,5,249139,2370,2395,96149,1
113304,4,2,206286,2365,2396,5000,1
113305,1,1,5000,2376,2390,152403,1
113305,1,1,5000,2376,2390,157403,2
113305,2,1,10000,2375,2393,47492,2
113309,1,2,7557,2376,2390,157403,2
113309,5,1,2500,2356,2398,96000,1
113311,3,1,17000,2371,2395,96149,1
113311,4,5,249139,2370,2396,5000,1
113311,5,2,206286,2365,2398,96000,1
113315,1,3,29411,2376,2390,157403,2
113317,2,2,22000,2375,2393,47492,2
113321,5,3,406286,2365,2398,96000,1
113322,5,4,456286,2365,2398,96000,1
113325,1,3,29411,2376,2390,97403,2
113326,3,1,17000,2371,2396,5000,1
113326,4,5,249139,2370,2398,96000,1
113326,5,4,456286,2365,2399,31968,2
113331,1,3,29411,2376,2390,5000,1
113332,1,3,29411,2376,2390,5850,2
113333,2,2,22000,2375,2393,44992,1
113334,1,1,14150,2390,2393,44992,1
113334,2,3,29411,2376,2396,5000,1
113334,3,2,22000,2375,2398,96000,1
113334,4,1,17000,2371,2399,31968,2
113334,5,5,249139,2370,2400,220010,6
113335,2,4,50501,2376,2396,5000,1
113335,3,3,25000,2375,2398,96000,1
113339,5,6,349139,2370,2400,220010,6
113342,1,4,50501,2376,2390,185850,1
113342,2,3,25000,2375,2393,44992,1
113342,3,1,17000,2371,2396,5000,1
113342,4,6,349139,2370,2398,96000,1
113342,5,2,206286,2365,2399,31968,2
113343,1,4,50501,2376,2390,191490,2
113345,1,5,62501,2376,2390,191490,2
113345,2,2,13000,2375,2393,44992,1
113346,1,5,62501,2376,2390,184507,2
113349,1,6,72501,2376,2390,184507,2
113349,5,3,266286,2365,2399,31968,2
113351,4,7,449139,2370,2398,96000,1
113401,1,6,72501,2376,2390,196475,3
113401,5,3,266286,2365,2399,20000,1
113403,3,2,38090,2371,2396,5000,1
113406,1,6,72501,2376,2389,2500,1
113406,2,2,13000,2375,2390,196475,3
113406,3,2,38090,2371,2393,44992,1
113406,4,7,449139,2370,2396,5000,1
113406,5,3,266286,2365,2398,96000,1
113407,1,1,100000,2380,2389,2500,1
113407,2,6,72501,2376,2390,196475,3
113407,3,2,13000,2375,2393,44992,1
113407,4,2,38090,2371,2396,5000,1
113407,5,7,449139,2370,2398,96000,1
113409,3,2,13000,2375,2396,5000,1
113409,4,2,38090,2371,2398,96000,1
113409,5,7,449139,2370,2399,20000,1
113416,1,1,94360,2380,2389,2500,1
113416,2,6,72501,2376,2390,190835,2
113417,5,8,509139,2370,2399,20000,1
113418,1,1,94360,2380,2390,184998,2
113418,2,6,72501,2376,2396,5000,1
113418,3,2,13000,2375,2398,96000,1
113418,4,2,38090,2371,2399,20000,1
113418,5,8,509139,2370,2400,240010,7
113420,1,1,5000,2381,2390,184998,2
113420,2,1,94360,2380,2396,5000,1
113420,3,5,67501,2376,2398,96000,1
113420,4,2,13000,2375,2399,20000,1
113420,5,2,38090,2371,2400,240010,7
113421,1,1,5000,2381,2390,187178,3
113421,1,1,6957,2380,2390,187178,3
113421,2,5,67501,2376,2396,5000,1
113421,3,2,13000,2375,2398,96000,1
113421,4,2,38090,2371,2399,20000,1
113421,5,8,509139,2370,2400,240010,7
113422,5,7,499139,2370,2400,240010,7
113424,1,2,28215,2380,2390,187178,3
113430,2,6,88591,2376,2396,5000,1
113430,4,1,17000,2371,2399,20000,1
113431,5,6,399139,2370,2400,240010,7
113433,1,2,26035,2380,2390,187178,3
113434,1,6,88591,2376,2380,23965,1
113434,2,2,13000,2375,2390,187178,3
113434,3,1,17000,2371,2396,5000,1
113434,4,6,399139,2370,2398,96000,1
113434,5,1,200000,2365,2399,20000,1
113436,4,5,379139,2370,2398,96000,1
113437,1,2,23751,2376,2380,23965,1
113439,1,2,23751,2376,2380,26465,2
113439,5,1,200000,2365,2399,22180,2
113439,4,4,319139,2370,2398,96000,1
113442,2,2,13000,2375,2390,191324,4
113443,2,2,13000,2375,2390,245148,5
113444,1,1,2661,2376,2380,26465,2
113451,1,1,161,2376,2380,23965,1
113452,1,2,13000,2375,2376,51288,1
113452,2,1,17000,2371,2380,23965,1
113452,3,4,319139,2370,2390,245148,5
113452,4,1,200000,2365,2396,5000,1
113452,5,1,40000,2360,2398,96000,1
113454,3,3,305534,2370,2390,245148,5
113501,1,1,17000,2371,2375,7000,1
113501,2,3,305534,2370,2376,51288,1
113501,3,1,200000,2365,2380,23965,1
113501,4,1,40000,2360,2390,245148,5
113501,5,1,2500,2356,2396,5000,1
113509,1,2,122534,2370,2375,7000,1
113509,2,1,200000,2365,2376,51288,1
113509,3,1,40000,2360,2380,23965,1
113509,4,1,2500,2356,2390,245148,5
113509,5,3,325500,2355,2396,5000,1
113509,5,3,325500,2355,2396,13883,2
113511,1,2,101534,2370,2375,7000,1
113511,2,1,40000,2360,2376,51288,1
113511,3,1,2500,2356,2380,23965,1
113511,4,3,325500,2355,2390,245148,5
113511,5,5,43703,2353,2396,13883,2
113514,1,1,99034,2370,2375,7000,1
113516,5,4,36703,2353,2396,13883,2
113518,1,1,96534,2370,2375,7000,1
113518,1,1,89534,2370,2376,51288,1
113518,2,1,40000,2360,2380,23965,1
113518,3,1,2500,2356,2390,245148,5
113518,4,3,325500,2355,2396,13883,2
113518,5,4,36703,2353,2398,96000,1
113518,1,1,40000,2360,2370,9500,1
113518,2,1,2500,2356,2376,51288,1
113518,3,3,325500,2355,2380,23965,1
113518,4,4,36703,2353,2390,245148,5
113518,5,1,10000,2351,2396,13883,2
113519,1,1,40000,2360,2370,12000,2
113521,1,1,40000,2360,2370,2500,1
113523,1,1,35854,2360,2370,2500,1
113523,4,4,36703,2353,2390,241002,4
113524,1,1,15761,2360,2370,2500,1
113524,1,1,15761,2360,2376,51288,1
113524,2,1,2500,2356,2380,23965,1
113524,3,3,325500,2355,2390,241002,4
113524,4,4,36703,2353,2396,13883,2
113524,5,1,10000,2351,2398,96000,1
113526,1,1,3300,2370,2376,51288,1
113526,2,1,15761,2360,2380,23965,1
113526,3,1,2500,2356,2390,241002,4
113526,4,3,325500,2355,2396,13883,2
113526,5,4,36703,2353,2398,96000,1
113530,1,1,800,2370,2376,51288,1
113530,4,2,300000,2355,2396,13883,2
113531,1,1,15761,2360,2370,8303,1
113531,2,1,2500,2356,2376,51288,1
113531,3,2,300000,2355,2380,23965,1
113531,4,4,36703,2353,2390,241002,4
113531,5,1,10000,2351,2396,13883,2
113532,2,1,4000,2357,2376,51288,1
113532,3,1,2500,2356,2380,23965,1
113532,4,2,300000,2355,2390,241002,4
113532,5,4,36703,2353,2396,13883,2
113534,5,3,24000,2353,2396,13883,2
113536,2,1,4000,2357,2374,5000,1
113536,3,1,2500,2356,2376,51288,1
113536,4,2,300000,2355,2380,23965,1
113536,5,3,24000,2353,2390,241002,4
113548,4,2,300000,2355,2380,33965,2
113549,2,1,4000,2357,2376,51288,1
113549,3,1,2500,2356,2380,33965,2
113549,4,2,300000,2355,2390,241002,4
113549,5,3,24000,2353,2396,13883,2
113549,1,1,15761,2360,2370,9303,2
113549,1,1,15761,2360,2370,1000,1
113551,1,1,31100,2375,2376,51288,1
113551,2,1,15761,2360,2380,33965,2
113551,3,1,4000,2357,2390,241002,4
113551,4,1,2500,2356,2396,13883,2
113551,5,2,300000,2355,2398,96000,1
113553,2,1,3130,2370,2380,33965,2
113553,3,1,15761,2360,2390,241002,4
113553,4,1,4000,2357,2396,13883,2
113553,5,1,2500,2356,2398,96000,1
113556,5,2,16893,2356,2398,96000,1
113557,1,1,28600,2375,2376,51288,1
113558,1,1,26100,2375,2376,51288,1
113602,2,1,3130,2370,2380,23965,1
113602,5,2,16893,2356,2398,106000,2
113602,1,1,23600,2375,2376,51288,1
113606,1,1,3600,2375,2376,51288,1
113607,1,1,788,2375,2376,51288,1
113610,1,1,3130,2370,2375,6212,1
113610,2,1,15761,2360,2376,51288,1
113610,3,1,4000,2357,2380,23965,1
113610,4,2,16893,2356,2390,241002,4
113610,5,2,300000,2355,2396,13883,2
113614,4,3,26893,2356,2390,241002,4
113615,2,2,17961,2360,2376,51288,1
113620,4,3,26893,2356,2390,67972,3
113621,1,2,17961,2360,2370,5173,1
113621,2,1,4000,2357,2375,6212,1
113621,3,3,26893,2356,2376,51288,1
113621,4,2,300000,2355,2380,23965,1
113621,5,2,14000,2353,2390,67972,3
113625,2,2,38091,2357,2375,6212,1
113627,1,2,16846,2360,2370,5173,1
113627,1,2,16846,2360,2375,6212,1
113627,2,2,38091,2357,2376,51288,1
113627,3,3,26893,2356,2380,23965,1
113627,4,2,300000,2355,2390,67972,3
113627,5,2,14000,2353,2396,13883,2
113628,1,2,16846,2360,2370,6000,1
113628,2,2,38091,2357,2375,6212,1
113628,3,3,26893,2356,2376,51288,1
113628,4,2,300000,2355,2380,23965,1
113628,5,2,14000,2353,2390,67972,3
113634,1,2,38091,2357,2360,15048,1
113634,2,3,26893,2356,2370,6000,1
113634,3,2,300000,2355,2375,6212,1
113634,4,2,14000,2353,2376,51288,1
113634,5,1,10000,2351,2380,23965,1
113643,1,2,38091,2357,2360,5048,1
113646,1,2,35004,2357,2360,5048,1
113654,3,2,300000,2355,2376,51288,1
113654,4,2,14000,2353,2380,23965,1
113654,5,1,10000,2351,2390,67972,3
113657,1,1,19325,2357,2360,5048,1
113701,1,2,61598,2357,2360,5048,1
113704,1,2,56598,2357,2360,5048,1
113712,1,2,49598,2357,2360,5048,1
113713,1,1,1511,2360,2370,6000,1
113713,2,2,49598,2357,2376,51288,1
113713,3,3,26893,2356,2380,23965,1
113713,4,2,300000,2355,2390,67972,3
113713,5,2,14000,2353,2396,13883,2
113713,2,2,49598,2357,2375,10000,1
113713,3,3,26893,2356,2376,51288,1
113713,4,2,300000,2355,2380,23965,1
113713,5,2,14000,2353,2390,67972,3
113715,1,2,48611,2357,2370,6000,1
113715,2,3,26893,2356,2375,10000,1
113715,3,2,300000,2355,2376,51288,1
113715,4,2,14000,2353,2380,23965,1
113715,5,1,10000,2351,2390,67972,3
113720,1,1,10000,2360,2370,6000,1
113720,2,2,48611,2357,2375,10000,1
113720,3,3,26893,2356,2376,51288,1
113720,4,2,300000,2355,2380,23965,1
113720,5,2,14000,2353,2390,67972,3
113721,1,1,10000,2360,2370,206000,2
113723,5,2,14000,2353,2390,77972,4
113728,1,2,48611,2357,2360,40000,1
113728,2,3,26893,2356,2370,206000,2
113728,3,2,300000,2355,2375,10000,1
113728,4,2,14000,2353,2376,51288,1
113728,5,1,10000,2351,2380,23965,1
113728,1,2,48611,2357,2360,31970,1
113729,1,2,47611,2357,2360,31970,1
113744,2,2,16893,2356,2370,206000,2
113746,4,2,14000,2353,2376,53451,2
113750,1,3,56065,2357,2360,31970,1
113751,3,2,300000,2355,2376,53451,2
113751,4,2,14000,2353,2380,23965,1
113751,5,1,10000,2351,2390,77972,4
113753,1,4,60065,2357,2360,31970,1
113753,1,1,2133,2358,2360,31970,1
113753,2,4,60065,2357,2370,206000,2
113753,3,2,16893,2356,2376,53451,2
113753,4,2,300000,2355,2380,23965,1
113753,5,2,14000,2353,2390,77972,4
113759,1,4,60065,2357,2358,17867,1
113759,2,2,16893,2356,2360,31970,1
113759,3,2,300000,2355,2370,206000,2
113759,4,2,14000,2353,2376,53451,2
113759,5,2,110000,2351,2380,23965,1
113806,1,4,60065,2357,2358,15727,1
113812,4,2,14000,2353,2376,51288,1
113819,1,1,104273,2358,2360,31970,1
113819,2,4,60065,2357,2370,206000,2
113819,3,2,16893,2356,2376,51288,1
113819,4,2,300000,2355,2380,23965,1
113819,5,2,14000,2353,2390,77972,4
113828,1,1,104273,2358,2360,26640,1
113828,2,3,54727,2357,2370,206000,2
113830,1,2,106773,2358,2360,26640,1
113833,1,2,106773,2358,2360,24190,1
113835,1,3,111773,2358,2360,24190,1
113835,1,3,111773,2358,2360,28190,2
113835,1,3,111773,2358,2360,18190,2
113842,5,2,14000,2353,2390,78972,5
113842,1,3,111773,2358,2360,190,1
113851,1,3,109273,2358,2360,190,1
113853,1,1,9810,2360,2370,206000,2
113853,2,3,109273,2358,2376,51288,1
113853,3,3,54727,2357,2380,23965,1
113853,4,2,16893,2356,2390,78972,5
113853,5,2,300000,2355,2396,13883,2
113853,2,4,209273,2358,2376,51288,1
113904,5,1,100000,2355,2396,13883,2
113905,1,2,19810,2360,2370,206000,2
113906,1,3,28253,2360,2370,206000,2
113906,4,1,2500,2356,2390,78972,5
113911,1,4,31253,2360,2370,206000,2
113911,1,5,39696,2360,2370,206000,2
113912,1,5,39696,2360,2370,187000,1
113915,2,5,212273,2358,2376,51288,1
113917,1,6,43696,2360,2370,187000,1
113917,3,2,50727,2357,2380,23965,1
113917,1,6,43696,2360,2370,178500,1
113921,1,6,43696,2360,2370,168500,1
113926,1,7,62696,2360,2370,168500,1
113927,1,7,62696,2360,2370,162300,1
113930,1,7,62696,2360,2370,112300,1
113935,1,8,67696,2360,2370,112300,1
113935,2,4,207273,2358,2376,51288,1
113937,5,2,300000,2355,2396,13883,2
114007,4,1,2500,2356,2390,157737,6
114007,1,6,43731,2360,2370,112300,1
114007,3,2,50727,2357,2390,157737,6
114007,4,1,2500,2356,2396,13883,2
114007,5,2,300000,2355,2398,106000,2
114008,4,2,160500,2356,2396,13883,2
114009,1,1,30000,2361,2370,112300,1
114009,2,6,43731,2360,2376,51288,1
114009,3,4,207273,2358,2390,157737,6
114009,4,2,50727,2357,2396,13883,2
114009,5,2,160500,2356,2398,106000,2
114024,1,1,2150,2362,2370,112300,1
114024,2,1,30000,2361,2376,51288,1
114024,3,6,43731,2360,2390,157737,6
114024,4,4,207273,2358,2396,13883,2
114024,5,2,50727,2357,2398,106000,2
114030,1,1,3000,2365,2370,112300,1
114030,2,1,2150,2362,2376,51288,1
114030,3,1,30000,2361,2390,157737,6
114030,4,5,40731,2360,2396,13883,2
114030,5,4,207273,2358,2398,106000,2
114033,4,6,45022,2360,2396,13883,2
114042,1,4,28884,2360,2370,112300,1
114042,2,4,207273,2358,2390,157737,6
114042,3,2,50727,2357,2396,13883,2
114042,4,2,160500,2356,2398,106000,2
114042,5,2,105000,2355,2399,22180,2
114046,4,1,2500,2356,2398,106000,2
114047,1,4,28884,2360,2365,1900,1
114047,2,4,207273,2358,2370,112300,1
114047,3,2,50727,2357,2390,157737,6
114047,4,1,2500,2356,2396,13883,2
114047,5,2,105000,2355,2398,106000,2
114049,1,4,140008,2358,2365,1900,1
114049,2,2,50727,2357,2370,112300,1
114049,3,1,2500,2356,2390,157737,6
114049,4,2,105000,2355,2396,13883,2
114049,5,2,14000,2353,2398,106000,2
114056,1,4,129059,2358,2365,1900,1
114102,1,5,137759,2358,2365,1900,1
114102,1,6,151294,2358,2365,1900,1
114104,1,1,13000,2363,2365,1900,1
114104,2,6,151294,2358,2370,112300,1
114104,3,2,50727,2357,2390,157737,6
114104,4,1,2500,2356,2396,13883,2
114104,5,2,105000,2355,2398,106000,2
114116,3,1,8454,2357,2390,157737,6
114130,3,1,2500,2356,2390,157737,6
114130,4,2,105000,2355,2396,13883,2
114130,5,3,17317,2353,2398,106000,2
114134,1,1,13000,2363,2370,99200,1
114134,2,6,151294,2358,2390,157737,6
114134,3,1,2500,2356,2396,13883,2
114134,4,2,105000,2355,2398,106000,2
114134,5,3,17317,2353,2399,22180,2
114141,2,1,10000,2360,2390,157737,6
114141,3,6,151294,2358,2396,13883,2
114141,4,1,2500,2356,2398,106000,2
114141,5,2,105000,2355,2399,22180,2
114144,1,1,2900,2364,2370,99200,1
114144,2,1,13000,2363,2390,157737,6
114144,3,1,10000,2360,2396,13883,2
114144,4,6,151294,2358,2398,106000,2
114144,5,1,2500,2356,2399,22180,2
114151,1,1,5600,2365,2370,99200,1
114151,2,1,2900,2364,2390,157737,6
114151,3,1,13000,2363,2396,13883,2
114151,4,1,10000,2360,2398,106000,2
114151,5,6,151294,2358,2399,22180,2
114154,4,1,13535,2361,2398,106000,2
114154,5,1,10000,2360,2399,22180,2
114215,1,1,5600,2365,2366,2000,1
114215,2,1,2900,2364,2370,99200,1
114215,3,1,13000,2363,2390,157737,6
114215,4,1,13535,2361,2396,13883,2
114215,5,1,10000,2360,2398,106000,2
114235,3,1,13000,2363,2389,6600,1
114235,4,1,13535,2361,2390,157737,6
114235,5,1,10000,2360,2396,13883,2
114239,1,1,5600,2365,2370,51200,1
114239,2,1,2900,2364,2389,6600,1
114239,3,1,13000,2363,2390,157737,6
114239,4,1,13535,2361,2396,13883,2
114239,5,1,10000,2360,2398,106000,2
114242,1,1,2900,2366,2370,51200,1
114242,2,1,5600,2365,2389,6600,1
114243,2,2,9550,2365,2389,6600,1
114246,1,2,26459,2366,2370,51200,1
114257,1,3,35109,2366,2370,51200,1
114300,2,3,11750,2365,2389,6600,1
114302,1,3,11750,2365,2366,18715,1
114302,2,1,13000,2363,2370,51200,1
114302,3,1,13535,2361,2389,6600,1
114302,4,1,10000,2360,2390,103913,5
114302,5,1,13536,2359,2396,13883,2
114315,4,2,12400,2360,2390,103913,5
114318,1,4,14750,2365,2366,18715,1
114322,1,4,14750,2365,2366,31715,2
114326,4,2,12400,2360,2390,113913,6
114340,1,4,14750,2365,2366,40598,3
114340,5,1,13536,2359,2396,5000,1
114344,1,2,4750,2365,2366,40598,3
114349,1,1,13000,2363,2365,13965,1
114349,2,1,13535,2361,2366,21883,2
114349,3,2,12400,2360,2370,51200,1
114349,4,1,13536,2359,2389,6600,1
114349,5,3,105500,2358,2390,113913,6
114407,5,3,105500,2358,2390,114913,7
114415,3,1,10000,2360,2370,51200,1
114417,1,1,13535,2361,2363,965,1
114417,2,1,10000,2360,2366,21883,2
114417,3,1,13536,2359,2370,51200,1
114417,4,3,105500,2358,2389,6600,1
114417,5,1,2500,2356,2390,114913,7
114445,1,1,12570,2361,2366,21883,2
114445,2,1,10000,2360,2370,51200,1
114445,3,1,13536,2359,2389,6600,1
114445,4,3,105500,2358,2390,114913,7
114445,5,1,2500,2356,2396,5000,1
114510,1,1,12570,2361,2366,24046,3
114533,1,1,4570,2361,2366,24046,3
114533,1,1,2407,2361,2366,21883,2
114536,1,1,11811,2362,2366,21883,2
114536,2,1,2407,2361,2370,51200,1
114536,3,1,10000,2360,2389,6600,1
114536,4,1,13536,2359,2390,114913,7
114536,5,3,105500,2358,2396,5000,1
114539,5,3,105500,2358,2395,2150,1
114545,1,1,3117,2366,2370,51200,1
114545,2,1,11811,2362,2389,6600,1
114545,3,1,2407,2361,2390,114913,7
114545,4,1,10000,2360,2395,2150,1
114545,5,1,13536,2359,2396,5000,1
114559,1,2,11117,2366,2370,51200,1
114601,5,2,16036,2359,2396,5000,1
114605,1,1,6117,2366,2370,51200,1
114606,1,1,11811,2362,2366,4383,1
114606,2,1,2407,2361,2370,51200,1
114606,3,1,10000,2360,2389,6600,1
114606,4,2,16036,2359,2390,114913,7
114606,5,3,105500,2358,2395,2150,1
114606,1,1,2407,2361,2366,4383,1
114606,2,1,10000,2360,2370,51200,1
114606,3,2,16036,2359,2389,6600,1
114606,4,3,105500,2358,2390,114913,7
114606,5,1,2500,2356,2395,2150,1
114610,1,1,2407,2361,2370,50093,1
114610,2,1,10000,2360,2389,6600,1
114610,3,2,16036,2359,2390,114913,7
114610,4,3,105500,2358,2395,2150,1
114610,5,1,2500,2356,2396,5000,1
114615,1,1,20000,2363,2370,50093,1
114615,2,1,2407,2361,2389,6600,1
114615,3,1,10000,2360,2390,114913,7
114615,4,2,16036,2359,2395,2150,1
114615,5,3,105500,2358,2396,5000,1
114621,2,1,2407,2361,2389,11600,2
114621,1,2,30000,2363,2370,50093,1
114630,5,4,107750,2358,2396,5000,1
114632,4,2,16036,2359,2395,19429,2
114641,1,2,30000,2363,2369,10000,1
114641,2,1,2407,2361,2370,50093,1
114641,3,1,10000,2360,2389,11600,2
114641,4,2,16036,2359,2390,114913,7
114641,5,4,107750,2358,2395,19429,2
114642,1,3,42000,2363,2369,10000,1
114645,2,1,2407,2361,2370,84093,2
114705,3,2,13000,2360,2389,11600,2
114709,3,3,18000,2360,2389,11600,2
114709,1,3,42000,2363,2368,6600,1
114709,2,1,2407,2361,2369,10000,1
114709,3,3,18000,2360,2370,84093,2
114709,4,2,16036,2359,2389,5000,1
114709,5,4,107750,2358,2390,114913,7
114709,4,2,16036,2359,2389,16968,2
114709,5,4,107750,2358,2390,102945,6
114710,3,3,18000,2360,2370,86239,3
114721,1,1,3000,2364,2368,6600,1
114721,2,3,42000,2363,2369,10000,1
114721,3,1,2407,2361,2370,86239,3
114721,4,3,18000,2360,2389,16968,2
114721,5,2,16036,2359,2390,102945,6
114723,1,1,3400,2368,2369,10000,1
114723,2,1,3000,2364,2370,86239,3
114723,3,3,42000,2363,2389,16968,2
114723,4,1,2407,2361,2390,102945,6
114723,5,3,18000,2360,2395,19429,2
114727,1,2,14400,2363,2369,10000,1
114727,2,1,2407,2361,2370,52239,2
114727,3,3,18000,2360,2389,16968,2
114727,4,2,16036,2359,2390,102945,6
114727,5,4,107750,2358,2395,19429,2
114728,2,1,2407,2361,2370,131004,3
114728,4,2,16036,2359,2390,24180,5
114732,1,2,12254,2363,2369,10000,1
114732,2,1,2407,2361,2370,128858,2
114736,1,1,2407,2361,2363,32190,1
114736,2,3,18000,2360,2369,10000,1
114736,3,2,16036,2359,2370,128858,2
114736,4,4,107750,2358,2389,16968,2
114736,5,1,2500,2356,2390,24180,5
114740,1,1,2407,2361,2363,29488,1
114741,1,3,18000,2360,2361,76358,1
114741,2,2,16036,2359,2363,29488,1
114741,3,4,107750,2358,2369,10000,1
114741,4,1,2500,2356,2370,50093,1
114741,5,1,100000,2355,2389,16968,2
114743,1,3,18000,2360,2361,74158,1
114744,3,3,105500,2358,2369,10000,1
114745,1,2,4036,2359,2361,74158,1
114745,2,3,105500,2358,2363,29488,1
114745,3,1,2500,2356,2369,10000,1
114745,4,1,100000,2355,2370,50093,1
114745,5,3,17317,2353,2389,16968,2
114748,1,2,4036,2359,2360,29488,1
114748,2,3,105500,2358,2361,74158,1
114750,1,3,105500,2358,2359,70122,1
114750,2,1,2500,2356,2360,29488,1
114750,3,1,100000,2355,2369,10000,1
114750,4,3,17317,2353,2370,50093,1
114750,5,1,10000,2351,2389,16968,2
114759,1,2,85500,2358,2359,70122,1
114759,1,2,15378,2358,2360,29488,1
114759,2,1,2500,2356,2369,10000,1
114759,3,1,100000,2355,2370,50093,1
114759,4,3,17317,2353,2389,16968,2
114759,5,1,10000,2351,2390,24180,5
114801,1,1,2500,2356,2358,14110,1
114801,2,1,100000,2355,2369,10000,1
114801,3,3,17317,2353,2370,50093,1
114801,4,1,10000,2351,2389,16968,2
114801,5,7,275306,2350,2390,24180,5
114802,1,1,2500,2356,2358,31110,2
114804,1,1,10000,2351,2358,31110,2
114804,2,7,275306,2350,2369,10000,1
114804,3,1,44200,2342,2370,50093,1
114804,4,2,5400,2340,2389,16968,2
114804,5,4,67291,2339,2390,24180,5
114807,1,1,10000,2351,2358,17000,1
114809,4,3,8446,2340,2389,16968,2
114814,1,7,275306,2350,2351,15206,1
114814,2,1,44200,2342,2358,17000,1
114814,3,3,8446,2340,2369,10000,1
114814,4,4,67291,2339,2370,50093,1
114814,5,28,691543,2338,2389,16968,2
114817,1,6,244687,2350,2351,15206,1
114817,1,6,244687,2350,2351,12206,1
114824,1,6,244687,2350,2351,7206,1
114830,3,2,6046,2340,2369,10000,1
114830,2,1,3000,2343,2358,17000,1
114830,3,1,44200,2342,2369,10000,1
114830,4,2,6046,2340,2370,50093,1
114830,5,4,67291,2339,2389,16968,2
114833,2,1,3000,2343,2369,10000,1
114833,3,1,44200,2342,2370,50093,1
114833,4,2,6046,2340,2389,16968,2
114833,5,4,67291,2339,2390,24180,5
114836,5,5,86055,2339,2390,24180,5
114843,1,4,222787,2350,2351,7206,1
114844,1,4,222787,2350,2351,27206,2
114850,2,1,3000,2343,2370,50093,1
114850,3,1,44200,2342,2389,16968,2
114850,4,2,6046,2340,2390,24180,5
114850,5,5,86055,2339,2395,2150,1
114857,1,4,222787,2350,2351,24206,2
114858,1,3,216990,2350,2351,24206,2
114901,1,3,215990,2350,2351,24206,2
114905,1,1,1394,2351,2370,50093,1
114905,2,3,215990,2350,2389,16968,2
114905,3,1,3000,2343,2390,24180,5
114905,4,1,44200,2342,2395,2150,1
114905,5,2,6046,2340,2396,5000,1
114907,3,2,8000,2343,2390,24180,5
114910,1,2,4394,2351,2370,50093,1
114911,1,2,4394,2351,2369,6416,1
114911,2,3,215990,2350,2370,50093,1
114911,3,2,8000,2343,2389,16968,2
114911,4,1,44200,2342,2390,24180,5
114911,5,2,6046,2340,2395,2150,1
114913,5,1,9450,2341,2395,2150,1
114915,1,2,4394,2351,2369,23416,2
114916,1,3,9394,2351,2369,23416,2
114925,1,4,14394,2351,2369,23416,2
114927,1,5,19394,2351,2369,23416,2
114930,1,6,49394,2351,2369,23416,2
114933,1,1,12200,2352,2369,23416,2
114933,2,6,49394,2351,2370,50093,1
114933,3,3,215990,2350,2389,16968,2
114933,4,2,8000,2343,2390,24180,5
114933,5,1,44200,2342,2395,2150,1
114936,1,1,8200,2352,2369,23416,2
114937,2,7,54394,2351,2370,50093,1
114940,2,8,56694,2351,2370,50093,1
114941,2,9,61694,2351,2370,50093,1
114953,1,1,5300,2352,2369,23416,2
114957,1,1,5300,2352,2369,18416,2
114957,4,1,3000,2343,2390,24180,5
115006,3,3,215990,2350,2389,11968,1
115013,1,2,7600,2352,2369,18416,2
115013,2,8,59394,2351,2370,50093,1
115014,1,2,7600,2352,2369,13416,1
115014,2,7,54394,2351,2370,50093,1
115022,1,1,13200,2360,2369,13416,1
115022,2,2,7600,2352,2370,50093,1
115022,3,7,54394,2351,2389,11968,1
115022,4,3,215990,2350,2390,24180,5
115022,5,1,3000,2343,2395,2150,1
115023,1,1,13200,2360,2369,8416,1
115023,3,6,49394,2351,2389,11968,1
115030,2,1,20000,2353,2370,50093,1
115030,3,2,7600,2352,2389,11968,1
115030,4,6,49394,2351,2390,24180,5
115030,5,3,215990,2350,2395,2150,1
115031,1,1,13200,2360,2369,3416,1
115031,4,5,44394,2351,2390,24180,5
115032,1,1,9201,2369,2370,50093,1
115032,2,1,13200,2360,2389,11968,1
115032,3,1,20000,2353,2390,24180,5
115032,4,2,7600,2352,2395,2150,1
115032,5,5,44394,2351,2396,5000,1
115039,1,1,9201,2369,2370,45093,1
115039,5,4,39394,2351,2396,5000,1
115041,1,1,9201,2369,2370,50093,2
115102,1,1,9201,2369,2370,30093,2
115102,3,2,7600,2352,2390,24180,5
115102,4,4,39394,2351,2395,2150,1
115102,5,4,218890,2350,2396,5000,1
115102,1,1,4028,2369,2370,30093,2
115111,1,1,4028,2369,2370,26593,2
115112,3,1,2200,2353,2390,24180,5
115112,4,2,7600,2352,2395,2150,1
115112,5,4,39394,2351,2396,5000,1
115127,1,1,1028,2369,2370,26593,2
115127,1,1,1028,2369,2370,13981,2
115135,2,1,13200,2360,2375,10000,1
115135,3,1,2200,2353,2389,11968,1
115135,4,2,7600,2352,2390,24180,5
115135,5,4,39394,2351,2395,2150,1
115135,1,1,13200,2360,2368,2836,1
115135,2,1,2200,2353,2370,13981,2
115135,3,2,7600,2352,2375,10000,1
115135,4,4,39394,2351,2389,11968,1
115135,5,4,218890,2350,2390,24180,5
115153,1,1,29848,2370,2375,10000,1
115153,2,1,13200,2360,2389,11968,1
115153,3,1,2200,2353,2390,24180,5
115153,4,2,7600,2352,2395,2150,1
115153,5,4,39394,2351,2398,96000,1
115200,1,1,20848,2370,2375,10000,1
115205,4,2,7600,2352,2398,96000,1
115205,5,4,39394,2351,2399,27180,3
115214,3,1,2200,2353,2390,14180,4
115215,4,2,7600,2352,2397,33757,1
115215,5,4,39394,2351,2398,96000,1
115218,4,3,26100,2352,2397,33757,1
115223,1,1,10848,2370,2375,10000,1
115228,4,3,26100,2352,2396,10000,1
115228,5,4,39394,2351,2397,33757,1
115232,5,4,39394,2351,2398,96000,1
115232,1,1,10848,2370,2380,10000,1
115248,1,1,4712,2370,2380,10000,1
115253,1,1,4712,2370,2379,6000,1
115253,2,1,13200,2360,2380,10000,1
115253,3,1,2200,2353,2389,11968,1
115253,4,3,26100,2352,2390,14180,4
115253,5,4,39394,2351,2396,10000,1
115255,1,1,2652,2370,2379,6000,1
115257,5,4,39394,2351,2395,10000,1
115301,1,1,13200,2360,2370,7348,1
115301,2,1,2200,2353,2379,6000,1
115301,3,3,26100,2352,2380,10000,1
115301,4,4,39394,2351,2389,11968,1
115301,5,4,218890,2350,2390,14180,4
115306,3,3,26100,2352,2380,12000,2
115323,1,1,10000,2360,2370,7348,1
115339,5,4,218890,2350,2390,15850,5
115343,1,1,6153,2360,2370,7348,1
115344,2,2,12200,2353,2379,6000,1
115353,3,3,26100,2352,2380,55340,3
115355,3,3,26100,2352,2380,56907,4
115406,5,5,221031,2350,2390,15850,5
115414,5,6,231031,2350,2390,15850,5
115415,1,2,12200,2353,2360,10847,1
115415,2,3,26100,2352,2370,7348,1
115415,3,4,39394,2351,2379,6000,1
115415,4,6,231031,2350,2380,56907,4
115415,5,1,3000,2343,2389,11968,1
115422,2,3,26100,2352,2379,6000,1
115422,3,4,39394,2351,2380,56907,4
115422,4,6,231031,2350,2389,11968,1
115422,5,1,3000,2343,2390,15850,5
115432,1,3,16857,2353,2360,10847,1
115432,1,3,26100,2352,2353,3189,1
115432,2,4,39394,2351,2360,10847,1
115432,3,6,231031,2350,2379,6000,1
115432,4,1,3000,2343,2380,56907,4
115432,5,1,44200,2342,2389,11968,1
115434,2,4,39394,2351,2360,21149,2
115438,4,1,3000,2343,2380,66907,5
115451,4,1,3000,2343,2380,68577,6
115452,2,4,39394,2351,2360,25159,3
115454,1,5,187497,2350,2353,3189,1
115454,2,1,3000,2343,2360,25159,3
115454,3,1,44200,2342,2379,6000,1
115454,4,1,9450,2341,2380,68577,6
115454,5,3,8546,2340,2389,11968,1
115502,2,1,3000,2343,2360,28159,4
115511,1,5,177363,2350,2353,3189,1
115524,1,5,177363,2350,2360,28159,4
115524,2,1,3000,2343,2379,6000,1
115524,3,1,44200,2342,2380,68577,6
115524,4,1,9450,2341,2389,11968,1
115524,5,3,8546,2340,2390,12000,3
115525,1,5,177363,2350,2360,17312,3
115530,1,5,177363,2350,2353,2200,1
115530,2,1,3000,2343,2360,17312,3
115530,3,1,44200,2342,2379,6000,1
115530,4,1,9450,2341,2380,68577,6
115530,5,3,8546,2340,2389,11968,1
115537,2,1,3000,2343,2360,19512,4
115538,1,5,177363,2350,2353,8280,2
115543,3,2,49200,2342,2379,6000,1
115601,1,6,190363,2350,2353,8280,2
115610,1,6,190363,2350,2353,53280,3
115625,1,6,187963,2350,2353,53280,3
115628,1,6,168963,2350,2353,53280,3
115631,1,6,54819,2350,2353,8280,2
115635,2,1,3000,2343,2360,15502,3
115636,1,1,2500,2351,2353,8280,2
115636,2,6,54819,2350,2360,15502,3
115636,3,1,3000,2343,2379,6000,1
115636,4,2,49200,2342,2380,68577,6
115636,5,1,9450,2341,2389,11968,1
115640,1,2,22171,2342,2353,8280,2
115640,2,1,9450,2341,2360,15502,3
115640,3,3,8546,2340,2379,6000,1
115640,4,4,60024,2339,2380,68577,6
115640,5,30,692765,2338,2389,11968,1
115640,1,2,22171,2342,2350,37000,1
115640,2,1,9450,2341,2353,8280,2
115640,3,3,8546,2340,2360,15502,3
115640,4,4,60024,2339,2379,6000,1
115640,5,30,692765,2338,2380,68577,6
115643,5,31,694912,2338,2380,68577,6
115651,1,1,2171,2342,2350,37000,1
115657,1,1,3500,2343,2350,37000,1
115657,2,1,2171,2342,2353,8280,2
115657,3,1,9450,2341,2360,15502,3
115657,4,3,8546,2340,2379,6000,1
115657,5,4,60024,2339,2380,68577,6
115659,1,1,3500,2343,2350,34800,1
115702,4,3,8546,2340,2378,34551,1
115702,5,4,60024,2339,2379,6000,1
115702,1,1,2171,2342,2343,16500,1
115702,2,1,9450,2341,2350,34800,1
115702,3,3,8546,2340,2353,8280,2
115702,4,4,60024,2339,2360,15502,3
115702,5,31,694912,2338,2378,34551,1
115704,2,1,9450,2341,2350,37800,2
115704,4,4,60024,2339,2360,12502,2
115707,2,1,9450,2341,2350,42800,3
115711,2,1,9450,2341,2350,46810,4
115713,3,3,8546,2340,2353,2200,1
115713,1,1,2171,2342,2343,12400,1
115716,5,32,704912,2338,2378,34551,1
115727,1,1,9450,2341,2342,3909,1
115727,2,3,8546,2340,2343,12400,1
115727,3,4,60024,2339,2350,46810,4
115727,4,32,704912,2338,2353,2200,1
115727,5,0,0,0,2360,12502,2
115731,1,1,9450,2341,2343,12309,1
115731,2,3,8546,2340,2350,46810,4
115731,3,4,60024,2339,2353,2200,1
115731,4,32,704912,2338,2360,12502,2
115731,5,0,0,0,2378,34551,1
115733,4,31,702765,2338,2360,12502,2
115734,3,5,80024,2339,2353,2200,1
115736,2,4,164183,2340,2350,46810,4
115736,1,4,164183,2340,2341,10550,1
115736,2,5,80024,2339,2343,12309,1
115736,3,31,702765,2338,2350,46810,4
115736,4,0,0,0,2353,2200,1
115736,5,0,0,0,2360,12502,2
115737,2,5,80024,2339,2342,8450,1
115737,3,31,702765,2338,2343,12309,1
115737,4,0,0,0,2350,46810,4
115737,5,0,0,0,2353,2200,1
115741,1,1,144183,2340,2341,10550,1
115741,1,1,109383,2340,2341,10550,1
115741,4,0,0,0,2350,12010,3
115747,1,1,109383,2340,2341,550,1
115747,2,4,60024,2339,2342,8450,1
115748,1,1,89383,2340,2341,550,1
115755,1,1,81344,2340,2341,550,1
115758,1,1,56344,2340,2341,550,1
115800,1,1,36344,2340,2341,550,1
115801,1,4,60024,2339,2341,550,1
115801,2,31,702765,2338,2342,8450,1
115801,3,0,0,0,2343,12309,1
115805,1,2,16684,2339,2341,550,1
115805,2,31,702765,2338,2343,12309,1
115805,3,0,0,0,2350,12010,3
115805,4,0,0,0,2353,2200,1
115805,5,0,0,0,2356,106000,1
115806,2,31,602765,2338,2343,12309,1
115807,1,21,431488,2338,2341,550,1
115807,2,0,0,0,2343,12309,1
115810,1,22,433638,2338,2341,550,1
115811,1,21,390638,2338,2341,550,1
115813,1,21,390138,2338,2341,550,1
115817,1,9,190138,2338,2341,550,1
115818,1,1,2146,2339,2341,550,1
115818,2,9,190138,2338,2343,12309,1
115820,2,8,140138,2338,2343,12309,1
115824,1,8,137284,2338,2341,550,1
115824,2,0,0,0,2343,12309,1
115827,1,8,137284,2338,2341,9271,2
115827,1,7,56258,2338,2341,9271,2
115828,1,0,0,0,2338,43742,1
115828,2,0,0,0,2341,9271,2
115828,3,0,0,0,2343,12309,1
115828,4,0,0,0,2350,12010,3
115828,5,0,0,0,2353,2200,1
115831,1,0,0,0,2338,38742,1
115834,1,0,0,0,2338,138742,2
115837,1,0,0,0,2338,163742,3
115837,1,0,0,0,2338,129742,3
115843,1,0,0,0,2338,134742,4
115843,1,0,0,0,2338,131342,4
115846,1,0,0,0,2338,176342,5
115850,1,0,0,0,2338,200342,6
115852,1,0,0,0,2338,201542,7
115853,1,0,0,0,2338,196542,6
115907,1,0,0,0,2338,215926,7
115912,1,0,0,0,2338,15926,1
115913,1,0,0,0,2338,12526,1
115914,3,0,0,0,2350,12010,3
115914,4,0,0,0,2353,2200,1
115914,5,0,0,0,2356,106000,1
115915,1,1,5474,2338,2341,9271,2
115915,2,0,0,0,2350,12010,3
115915,3,0,0,0,2353,2200,1
115915,4,0,0,0,2356,106000,1
115915,5,0,0,0,2360,12502,2
115915,1,1,5474,2338,2341,8721,1
115916,1,2,10474,2338,2341,8721,1
115918,1,1,4017,2341,2350,12010,3
115918,2,2,10474,2338,2353,2200,1
115918,3,0,0,0,2356,106000,1
115918,4,0,0,0,2360,12502,2
115918,5,0,0,0,2378,34551,1
115920,2,3,13474,2338,2353,2200,1
115921,4,0,0,0,2358,40000,1
115921,5,0,0,0,2360,12502,2
115941,1,3,13474,2338,2341,4673,1
115941,2,0,0,0,2350,12010,3
115941,3,0,0,0,2353,2200,1
115941,4,0,0,0,2356,106000,1
115941,5,0,0,0,2358,40000,1
115948,1,2,7474,2338,2341,4673,1
115949,1,3,30994,2338,2341,4673,1
115953,1,4,34791,2338,2341,4673,1
115957,1,5,71166,2338,2341,4673,1
115957,1,5,71166,2338,2340,3000,1
115957,2,0,0,0,2341,4673,1
115957,3,0,0,0,2350,12010,3
115957,4,0,0,0,2353,2200,1
115957,5,0,0,0,2356,106000,1
120001,1,6,76166,2338,2340,3000,1
120005,1,4,66166,2338,2340,3000,1
120007,1,3,62369,2338,2340,3000,1
120007,1,4,65369,2338,2340,3000,1
120008,1,4,65369,2338,2341,4673,1
120008,2,0,0,0,2350,12010,3
120008,3,0,0,0,2353,2200,1
120008,4,0,0,0,2356,106000,1
120008,5,0,0,0,2358,40000,1
120010,1,5,68369,2338,2341,4673,1
120010,1,5,62120,2338,2341,4673,1
120011,1,1,5000,2340,2341,4673,1
120011,2,5,62120,2338,2350,12010,3
120012,2,6,81963,2338,2350,12010,3
120013,2,1,11800,2339,2350,12010,3
120013,3,6,81963,2338,2353,2200,1
120014,3,7,84113,2338,2353,2200,1
120015,3,8,104113,2338,2353,2200,1
120015,3,9,185139,2338,2353,2200,1
120016,1,1,5000,2340,2341,1186,1
120017,1,1,5000,2340,2341,21186,2
120019,2,2,13961,2339,2350,12010,3
120021,1,2,7171,2340,2341,21186,2
120022,3,10,215139,2338,2353,2200,1
120025,3,11,220139,2338,2353,2200,1
120029,3,12,225139,2338,2353,2200,1
120032,1,1,5000,2340,2341,19015,1
120036,3,11,222139,2338,2353,2200,1
120043,1,2,13961,2339,2340,5000,1
120043,2,11,222139,2338,2341,19015,1
120043,3,0,0,0,2350,12010,3
120043,4,0,0,0,2353,2200,1
120043,5,0,0,0,2356,106000,1
120046,1,2,13961,2339,2340,2600,1
120052,2,12,224289,2338,2341,19015,1
120106,1,3,21182,2339,2340,2600,1
120109,2,12,224289,2338,2341,22015,2
120112,1,4,41182,2339,2340,2600,1
120112,2,11,204289,2338,2341,22015,2
120116,1,4,41182,2339,2341,22015,2
120116,2,11,204289,2338,2350,12010,3
120116,3,0,0,0,2353,2200,1
120116,4,0,0,0,2356,106000,1
120116,5,0,0,0,2358,40000,1
120121,1,2,22731,2339,2341,22015,2
120121,1,11,204289,2338,2339,167,1
120121,2,0,0,0,2341,22015,2
120121,3,0,0,0,2350,12010,3
120121,4,0,0,0,2353,2200,1
120121,5,0,0,0,2356,106000,1
120122,1,1,1983,2340,2341,22015,2
120122,2,10,202139,2338,2350,12010,3
120122,3,0,0,0,2353,2200,1
120122,4,0,0,0,2356,106000,1
120122,5,0,0,0,2358,40000,1
120126,2,11,205139,2338,2350,12010,3
120127,1,1,1983,2340,2341,19015,1
120132,2,12,215139,2338,2350,12010,3
120133,1,12,215139,2338,2340,3017,1
120133,2,0,0,0,2341,19015,1
120133,3,0,0,0,2350,12010,3
120133,4,0,0,0,2353,2200,1
120133,5,0,0,0,2356,106000,1
120135,1,1,22495,2340,2341,19015,1
120135,2,12,215139,2338,2350,12010,3
120135,3,0,0,0,2353,2200,1
120135,4,0,0,0,2356,106000,1
120135,5,0,0,0,2358,40000,1
120140,1,1,19495,2340,2341,19015,1
120143,1,12,215139,2338,2340,136912,1
120143,2,0,0,0,2341,19015,1
120143,3,0,0,0,2350,12010,3
120143,4,0,0,0,2353,2200,1
120143,5,0,0,0,2356,106000,1
120148,1,12,215139,2338,2340,139912,2
120151,1,12,205139,2338,2340,139912,2
120152,3,0,0,0,2350,43990,4
120153,1,11,168764,2338,2340,139912,2
120159,1,6,105943,2338,2340,139912,2
120200,1,0,0,0,2338,44057,1
120200,2,0,0,0,2340,139912,2
120200,3,0,0,0,2341,19015,1
120200,4,0,0,0,2350,43990,4
120200,5,0,0,0,2353,2200,1
120202,2,0,0,0,2340,3000,1
120205,1,0,0,0,2338,41267,1
120206,1,0,0,0,2338,73247,2
120206,4,0,0,0,2350,12010,3
120208,1,0,0,0,2338,103247,3
120209,1,0,0,0,2338,240159,4
120213,2,0,0,0,2340,9000,2
120222,1,0,0,0,2338,140159,2
120228,1,0,0,0,2338,135159,1
120228,1,0,0,0,2338,83494,1
120232,1,0,0,0,2338,47119,1
120235,1,0,0,0,2338,42119,1
120242,4,0,0,0,2350,8000,2
120245,1,0,0,0,2338,22119,1
120247,2,0,0,0,2340,20968,3
120248,1,0,0,0,2338,17119,1
120254,1,1,2773,2338,2340,20968,3
120254,2,0,0,0,2341,19015,1
120254,3,0,0,0,2350,8000,2
120254,4,0,0,0,2353,2200,1
120254,5,0,0,0,2356,106000,1
120255,1,1,2773,2338,2340,22968,4
120256,1,2,5273,2338,2340,22968,4
120303,1,1,1263,2338,2340,22968,4
120303,1,2,127263,2338,2340,22968,4
120320,1,1,5475,2340,2341,19015,1
120320,2,2,127263,2338,2350,8000,2
120320,3,0,0,0,2353,2200,1
120320,4,0,0,0,2356,106000,1
120320,5,0,0,0,2358,40000,1
120321,2,3,131663,2338,2350,8000,2
120324,2,4,170635,2338,2350,8000,2
120328,2,5,175635,2338,2350,8000,2
120333,1,5,175635,2338,2341,19015,1
120333,2,0,0,0,2350,8000,2
120336,1,6,178135,2338,2341,19015,1
120339,1,5,139163,2338,2341,19015,1
120341,1,6,178870,2338,2341,19015,1
120347,1,5,52870,2338,2341,19015,1
120349,1,1,32870,2338,2341,19015,1
120353,1,0,0,0,2338,85146,1
120353,2,0,0,0,2341,19015,1
120353,3,0,0,0,2350,8000,2
120353,4,0,0,0,2353,2200,1
120353,5,0,0,0,2356,106000,1
120357,3,0,0,0,2350,9670,3
120359,1,0,0,0,2338,80980,1
120400,1,0,0,0,2338,81430,2
120403,1,0,0,0,2338,90111,3
120407,2,0,0,0,2341,39015,2
120411,1,0,0,0,2338,190111,4
120423,1,0,0,0,2338,180111,4
120425,2,0,0,0,2340,1670,1
120425,3,0,0,0,2341,39015,2
120425,4,0,0,0,2350,8000,2
120425,5,0,0,0,2353,2200,1
120427,1,0,0,0,2338,170111,4
120427,1,0,0,0,2338,175111,5
120430,1,0,0,0,2338,180111,6
120432,1,0,0,0,2338,170111,6
120441,1,0,0,0,2338,190111,7
120441,3,0,0,0,2341,19015,1
120442,1,0,0,0,2338,187111,7
120446,1,0,0,0,2338,184611,7
120508,1,0,0,0,2338,198232,8
120508,1,1,1768,2338,2340,1670,1
120508,2,0,0,0,2341,19015,1
120508,3,0,0,0,2350,8000,2
120508,4,0,0,0,2353,2200,1
120508,5,0,0,0,2356,106000,1
120519,1,0,0,0,2338,332,1
120519,2,0,0,0,2340,1670,1
120519,3,0,0,0,2341,19015,1
120519,4,0,0,0,2350,8000,2
120519,5,0,0,0,2353,2200,1
120522,1,1,3143,2338,2340,1670,1
120522,2,0,0,0,2341,19015,1
120522,3,0,0,0,2350,8000,2
120522,4,0,0,0,2353,2200,1
120522,5,0,0,0,2356,106000,1
120541,1,2,6001,2338,2340,1670,1
120542,1,3,8501,2338,2340,1670,1
120552,5,0,0,0,2354,5000,1
120600,1,0,0,0,2338,41499,1
120600,2,0,0,0,2340,1670,1
120600,3,0,0,0,2341,19015,1
120600,4,0,0,0,2350,8000,2
120600,5,0,0,0,2353,2200,1
120610,1,0,0,0,2338,47696,2
120618,1,0,0,0,2338,43696,2
120618,1,0,0,0,2338,22196,2
120624,4,0,0,0,2350,5000,1
120635,1,0,0,0,2338,72196,3
120644,1,0,0,0,2338,70048,3
120654,2,0,0,0,2341,20685,2
120654,3,0,0,0,2350,5000,1
120654,4,0,0,0,2353,2200,1
120654,5,0,0,0,2354,5000,1
120654,1,0,0,0,2338,90437,4
120711,1,0,0,0,2338,50437,2
120712,1,0,0,0,2338,132698,3
120715,1,0,0,0,2338,219198,4
120721,1,0,0,0,2338,136937,3
120722,4,0,0,0,2353,152200,2
120723,1,0,0,0,2338,200937,4
120728,1,0,0,0,2338,238087,5
120733,4,0,0,0,2353,2200,1
120742,1,0,0,0,2338,151587,4
120745,1,0,0,0,2338,351587,5
120753,1,0,0,0,2338,353787,6
120801,1,0,0,0,2338,356086,7
120806,1,0,0,0,2338,353913,7
120811,1,0,0,0,2338,553913,8
120820,3,0,0,0,2350,91500,2
120831,1,0,0,0,2338,566912,9
120833,1,0,0,0,2338,568412,10
120835,1,0,0,0,2338,616767,11
120846,1,0,0,0,2338,613767,11
120847,1,0,0,0,2338,610767,11
120859,1,0,0,0,2338,590767,11
120918,1,0,0,0,2338,542412,10
120930,1,0,0,0,2338,537412,9
120950,1,0,0,0,2338,542412,10
121005,1,0,0,0,2338,501212,9
121013,1,0,0,0,2338,488213,8
121019,1,0,0,0,2338,479213,8
121026,1,0,0,0,2338,480213,9
121047,1,0,0,0,2338,485213,10
121102,1,0,0,0,2338,510297,11
121111,1,0,0,0,2338,505297,10
121127,3,0,0,0,2350,5000,1
121135,1,0,0,0,2338,514892,11
121144,1,0,0,0,2338,601392,12
121154,1,0,0,0,2338,645392,13
121155,1,0,0,0,2338,690392,14
121159,2,0,0,0,2341,19015,1
121212,1,0,0,0,2338,682392,14
121214,1,0,0,0,2338,777392,15
121220,1,0,0,0,2338,825747,16
121228,1,0,0,0,2338,843747,17
121335,1,0,0,0,2338,838747,17
121416,1,0,0,0,2338,846747,18
121421,1,0,0,0,2338,826747,17
121425,1,0,0,0,2338,646585,16
121444,1,0,0,0,2338,684965,17
121512,1,0,0,0,2338,677759,17
121531,1,0,0,0,2338,669980,17
121538,1,0,0,0,2338,678580,18
121540,1,0,0,0,2338,675345,18
121548,1,0,0,0,2338,672812,18
121549,1,0,0,0,2338,507636,15
121551,1,0,0,0,2338,487636,15
121553,1,0,0,0,2338,507636,16
121555,1,0,0,0,2338,504636,16
121629,1,0,0,0,2338,494636,16
121631,1,0,0,0,2338,368636,10
121632,1,0,0,0,2338,366136,10
121637,1,0,0,0,2338,363136,10
121638,1,0,0,0,2338,338136,10
121639,1,0,0,0,2338,157975,7
121643,1,0,0,0,2338,147975,7
121649,1,0,0,0,2338,137975,6
121652,1,0,0,0,2338,127975,6
121654,1,0,0,0,2338,109954,6
121656,1,0,0,0,2338,106954,6
121659,1,0,0,0,2338,62512,3
121702,1,0,0,0,2338,50012,3
121702,1,0,0,0,2338,28704,3
121704,1,0,0,0,2338,11116,1
121704,1,0,0,0,2338,8116,1
121705,1,1,1884,2338,2341,19015,1
121705,2,0,0,0,2350,5000,1
121705,3,0,0,0,2353,2200,1
121705,4,0,0,0,2354,5000,1
121705,5,0,0,0,2356,106000,1
121720,1,2,182045,2338,2341,19015,1
121722,1,3,209724,2338,2341,19015,1
121724,1,4,211874,2338,2341,19015,1
121725,1,5,221874,2338,2341,19015,1
121730,1,1,5000,2339,2341,19015,1
121730,2,5,221874,2338,2350,5000,1
121732,2,6,224874,2338,2350,5000,1
121751,1,2,205000,2339,2341,19015,1
121756,1,2,205000,2339,2341,13532,1
121804,2,7,229874,2338,2350,5000,1
121809,2,6,202195,2338,2350,5000,1
121815,1,1,1468,2341,2350,5000,1
121815,2,2,205000,2339,2353,2200,1
121815,3,6,202195,2338,2354,5000,1
121815,4,0,0,0,2356,106000,1
121815,5,0,0,0,2358,40000,1
121826,1,1,1468,2341,2353,2200,1
121826,2,2,205000,2339,2354,5000,1
121826,3,6,202195,2338,2356,106000,1
121826,4,0,0,0,2358,40000,1
121826,5,0,0,0,2360,12502,2
121828,3,5,197195,2338,2356,106000,1
121846,2,1,2150,2340,2354,5000,1
121846,3,2,205000,2339,2356,106000,1
121846,4,5,197195,2338,2358,40000,1
121847,4,6,201195,2338,2358,40000,1
121855,4,7,203695,2338,2358,40000,1
121857,4,8,207695,2338,2358,40000,1
121859,1,1,340,2353,2354,5000,1
121859,2,1,1468,2341,2356,106000,1
121859,3,1,2150,2340,2358,40000,1
121859,4,2,205000,2339,2360,12502,2
121859,5,8,207695,2338,2380,154150,4
121900,1,1,2150,2340,2341,1192,1
121900,2,2,205000,2339,2354,5000,1
121900,3,8,207695,2338,2356,106000,1
121900,4,0,0,0,2358,40000,1
121900,5,0,0,0,2360,12502,2
121901,3,9,307695,2338,2356,106000,1
121901,3,10,312695,2338,2356,106000,1
121909,2,1,5000,2339,2354,5000,1
121918,1,1,2150,2340,2341,3192,2
121921,1,9,269187,2338,2341,3192,2
121921,2,0,0,0,2354,5000,1
121921,3,0,0,0,2356,106000,1
121945,1,10,277710,2338,2341,3192,2
121947,1,10,277710,2338,2341,18991,3
121950,1,9,177710,2338,2341,18991,3
121956,1,9,176518,2338,2341,17799,2
122002,1,9,156518,2338,2341,17799,2
122005,1,9,156518,2338,2341,2000,1
122008,2,0,0,0,2353,2200,1
122008,3,0,0,0,2354,5000,1
122008,4,0,0,0,2356,106000,1
122008,5,0,0,0,2358,40000,1
122009,1,10,161271,2338,2341,2000,1
122012,1,11,167663,2338,2341,2000,1
122012,1,7,35080,2338,2341,2000,1
122017,1,6,30080,2338,2341,2000,1
122019,1,0,0,0,2338,97596,1
122019,2,0,0,0,2341,2000,1
122019,3,0,0,0,2353,2200,1
122019,4,0,0,0,2354,5000,1
122019,5,0,0,0,2356,106000,1
122023,1,0,0,0,2338,92596,1
122023,1,0,0,0,2341,2000,1
122023,2,0,0,0,2353,2200,1
122023,3,0,0,0,2354,5000,1
122023,4,0,0,0,2356,106000,1
122023,5,0,0,0,2358,40000,1
122024,1,0,0,0,2338,5000,1
122024,2,0,0,0,2341,2000,1
122024,3,0,0,0,2353,2200,1
122024,4,0,0,0,2354,5000,1
122024,5,0,0,0,2356,106000,1
122025,1,0,0,0,2338,155000,2
122031,1,0,0,0,2338,162000,3
122033,1,0,0,0,2338,157000,2
122035,1,0,0,0,2338,341083,3
122041,1,0,0,0,2338,331083,3
122045,1,0,0,0,2338,413344,4
122050,1,0,0,0,2338,418344,5
122105,4,0,0,0,2354,105000,2
122105,1,0,0,0,2338,318344,5
122116,1,0,0,0,2338,118344,3
122130,1,0,0,0,2338,18344,2
122137,1,1,356,2338,2341,2000,1
122137,2,0,0,0,2353,2200,1
122137,3,0,0,0,2354,105000,2
122137,4,0,0,0,2356,106000,1
122137,5,0,0,0,2358,40000,1
122145,1,2,13140,2338,2341,2000,1
122147,1,3,17401,2338,2341,2000,1
122147,1,4,19551,2338,2341,2000,1
122153,1,4,19551,2338,2341,17778,2
122157,1,5,24551,2338,2341,17778,2
122201,1,4,21537,2338,2341,17778,2
122212,1,0,0,0,2338,178463,1
122212,2,0,0,0,2341,17778,2
122212,3,0,0,0,2353,2200,1
122212,4,0,0,0,2354,105000,2
122212,5,0,0,0,2356,106000,1
122222,2,0,0,0,2341,15778,1
122238,1,0,0,0,2338,173463,1
122243,1,0,0,0,2338,170608,1
122244,1,0,0,0,2338,167608,1
122248,1,1,32392,2338,2341,15778,1
122248,2,0,0,0,2353,2200,1
122248,3,0,0,0,2354,105000,2
122248,4,0,0,0,2356,106000,1
122248,5,0,0,0,2358,40000,1
122250,1,1,21992,2338,2341,15778,1
122251,1,1,14993,2338,2341,15778,1
122252,1,2,32016,2338,2341,15778,1
122252,1,0,0,0,2338,60580,1
122252,2,0,0,0,2341,15778,1
122252,3,0,0,0,2353,2200,1
122252,4,0,0,0,2354,105000,2
122252,5,0,0,0,2356,106000,1
122256,1,0,0,0,2341,15778,1
122256,2,0,0,0,2353,2200,1
122256,3,0,0,0,2354,105000,2
122256,4,0,0,0,2356,106000,1
122256,5,0,0,0,2358,40000,1
122257,1,1,146644,2338,2341,15778,1
122309,1,1,116645,2338,2341,15778,1
122314,2,0,0,0,2353,65200,2
122316,1,2,119645,2338,2341,15778,1
122325,1,2,97734,2338,2341,15778,1
122354,1,3,100284,2338,2341,15778,1
122355,1,3,96839,2338,2341,15778,1
122356,1,1,16000,2339,2341,15778,1
122356,2,3,96839,2338,2353,65200,2
122411,2,4,122464,2338,2353,65200,2
122426,1,4,48450,2338,2341,15778,1
122426,2,0,0,0,2353,65200,2
122431,1,4,42450,2338,2341,15778,1
122437,1,4,42450,2338,2341,2778,1
122450,1,4,39660,2338,2341,2778,1
122501,1,1,8186,2338,2341,2778,1
122503,1,0,0,0,2338,52394,1
122503,2,0,0,0,2341,2778,1
122503,3,0,0,0,2353,65200,2
122503,4,0,0,0,2354,105000,2
122503,5,0,0,0,2356,106000,1
122507,1,0,0,0,2338,211285,3
122509,1,0,0,0,2338,221590,4
122511,1,0,0,0,2338,421590,5
122512,1,0,0,0,2338,471590,6
122530,1,0,0,0,2338,580666,7
122603,1,0,0,0,2338,577639,7
122605,1,0,0,0,2338,562639,7
122626,1,0,0,0,2338,531696,7
122641,1,0,0,0,2338,535342,8
122649,1,0,0,0,2338,530342,7
122723,1,0,0,0,2338,330342,4
122726,1,0,0,0,2338,130342,3
122727,1,1,69658,2338,2341,2778,1
122727,2,0,0,0,2353,65200,2
122727,3,0,0,0,2354,105000,2
122727,4,0,0,0,2356,106000,1
122727,5,0,0,0,2358,40000,1
122728,1,2,269658,2338,2341,2778,1
122728,1,3,284658,2338,2341,2778,1
122729,1,4,484658,2338,2341,2778,1
122735,1,5,489658,2338,2341,2778,1
122742,1,6,496158,2338,2341,2778,1
122744,1,6,493980,2338,2341,2778,1
122751,2,0,0,0,2352,5000,1
122751,3,0,0,0,2353,65200,2
122751,4,0,0,0,2354,105000,2
122751,5,0,0,0,2356,106000,1
122757,1,7,503980,2338,2341,2778,1
122802,2,0,0,0,2352,205000,2
122809,2,0,0,0,2352,405000,3
122816,1,1,2300,2339,2341,2778,1
122816,2,7,503980,2338,2352,405000,3
122825,1,1,2300,2339,2341,478,1
122829,1,1,2300,2339,2352,405000,3
122829,2,7,503980,2338,2353,65200,2
122829,3,0,0,0,2354,105000,2
122829,4,0,0,0,2356,106000,1
122829,5,0,0,0,2358,40000,1
122843,1,1,2200,2341,2352,405000,3
122843,2,1,2300,2339,2353,65200,2
122843,3,7,503980,2338,2354,105000,2
122847,3,8,508780,2338,2354,105000,2
122849,1,1,2300,2339,2341,1800,1
122849,2,8,508780,2338,2352,405000,3
122849,3,0,0,0,2353,65200,2
122849,4,0,0,0,2354,105000,2
122849,5,0,0,0,2356,106000,1
122851,1,8,508780,2338,2339,87118,1
122851,2,0,0,0,2341,1800,1
122851,3,0,0,0,2352,405000,3
122851,4,0,0,0,2353,65200,2
122851,5,0,0,0,2354,105000,2
122903,1,8,508780,2338,2339,87596,2
122907,3,0,0,0,2350,70000,1
122907,4,0,0,0,2352,405000,3
122907,5,0,0,0,2353,65200,2
122908,1,9,530088,2338,2339,87596,2
122911,1,9,530088,2338,2339,78596,2
122912,1,9,525088,2338,2339,78596,2
122918,1,9,525088,2338,2339,38596,2
122919,1,9,521488,2338,2339,38596,2
122919,1,9,521488,2338,2339,33596,2
122923,1,9,521488,2338,2339,28596,2
122939,1,9,511488,2338,2339,28596,2
122940,1,9,490293,2338,2339,28596,2
122942,1,9,490293,2338,2339,24784,2
122944,1,8,420138,2338,2339,24784,2
122946,1,8,420138,2338,2339,19784,2
122948,1,8,420138,2338,2339,9784,2
122950,1,1,2216,2339,2341,1800,1
122950,2,8,420138,2338,2350,70000,1
122950,3,0,0,0,2352,405000,3
122950,4,0,0,0,2353,65200,2
122950,5,0,0,0,2354,105000,2
122951,1,2,17216,2339,2341,1800,1
122951,2,7,405138,2338,2350,70000,1
122958,3,0,0,0,2352,400000,2
123000,3,0,0,0,2352,200000,1
123000,1,2,17216,2339,2339,100000,1
123000,2,7,405138,2338,2341,1800,1
123000,3,0,0,0,2350,70000,1
123000,4,0,0,0,2352,200000,1
123000,5,0,0,0,2353,65200,2
123002,4,0,0,0,2353,65200,2
123002,5,0,0,0,2354,5000,1
123016,3,0,0,0,2353,65200,2
123016,4,0,0,0,2354,5000,1
123016,5,0,0,0,2356,106000,1
123040,4,0,0,0,2356,106000,1
123040,5,0,0,0,2358,40000,1
123045,2,6,400138,2338,2341,1800,1
123105,1,1,2216,2339,2339,100000,1
123109,3,0,0,0,2353,2200,1
123714,3,0,0,0,2356,106000,1
123714,4,0,0,0,2358,40000,1
123714,5,0,0,0,2360,52200,2
124137,5,0,0,0,2360,2200,1
124755,2,5,242608,2338,2341,1800,1
124755,2,4,42608,2338,2341,1800,1
125210,1,4,42608,2338,2339,100000,1
125210,2,0,0,0,2341,1800,1