time,last,close,open,high,low,count,volume,value,discarded
64617,3006,3007,0,0,0,0,0,0,0
90023,2990,3007,2990,2990,2990,1,5000,14950000,0
90043,2860,3007,2990,2990,2860,2,8000,23530000,0
90043,2860,3004,2990,2990,2860,3,108000,309530000,0
90047,2860,3004,2990,2990,2860,4,110177,315756220,0
90055,2858,3004,2990,2990,2858,5,112177,321472220,0
90055,2858,3004,2990,2990,2858,6,116127,332761320,0
90106,2860,3004,2990,2990,2858,7,119959,343720840,0
90109,2860,3004,2990,2990,2858,8,122959,352300840,0
90113,2860,3003,2990,2990,2858,9,142950,409475100,0
90113,2860,3003,2990,2990,2858,10,151950,435215100,0
90205,2880,3002,2990,2990,2858,11,159214,456135420,0
90205,2870,3002,2990,2990,2858,12,176690,506291540,0
90205,2870,3002,2990,2990,2858,13,176950,507037740,0
90221,2880,3002,2990,2990,2858,14,181813,521043180,0
90221,2870,3002,2990,2990,2858,15,186553,534646980,0
90221,2870,3001,2990,2990,2858,16,196553,563346980,0
90221,2870,3001,2990,2990,2858,17,206853,592907980,0
90221,2860,3001,2990,2990,2858,18,212653,609495980,0
90221,2860,3001,2990,2990,2858,19,222653,638095980,0
90221,2860,3000,2990,2990,2858,20,247653,709595980,0
90221,2860,2999,2990,2990,2858,21,271606,778101560,0
90221,2858,2999,2990,2990,2858,22,277656,795392460,0
90221,2858,2993,2990,2990,2858,23,476950,1364974712,0
90226,2858,2988,2990,2990,2858,24,661900,1893561812,0
90228,2990,2988,2990,2990,2858,25,671900,1923461812,0
90254,2887,2987,2990,2990,2858,26,676900,1937896812,0
90259,2887,2987,2990,2990,2858,27,680523,1948356413,0
90259,2860,2987,2990,2990,2858,28,687381,1967970293,0
90309,2860,2987,2990,2990,2858,29,703758,2014808513,0
90312,2860,2987,2990,2990,2858,30,703838,2015037313,0
90322,2860,2986,2990,2990,2858,31,730523,2091356413,0
90322,2860,2985,2990,2990,2858,32,772401,2211127493,0
90322,2860,2982,2990,2990,2858,33,845530,2420276433,0
90327,2870,2982,2990,2990,2858,34,852530,2440366433,0
90403,2890,2982,2990,2990,2858,35,854145,2445033783,0
90447,2891,2982,2990,2990,2858,36,856145,2450815783,0
90449,2891,2982,2990,2990,2858,37,860680,2463926468,0
90457,2930,2982,2990,2990,2858,38,864512,2475154228,0
90513,2930,2982,2990,2990,2858,39,880997,2523455278,0
90515,2933,2982,2990,2990,2858,40,888484,2545414649,0
90621,2880,2981,2990,2990,2858,41,898484,2574214649,0
90637,2878,2981,2990,2990,2858,42,900484,2579970649,0
90637,2877,2981,2990,2990,2858,43,904870,2592589171,0
90639,2877,2981,2990,2990,2858,44,911498,2611657927,0
90644,2880,2981,2990,2990,2858,45,916498,2626057927,0
90704,2880,2981,2990,2990,2858,46,921498,2640457927,0
90718,2880,2980,2990,2990,2858,47,936036,2682327367,0
90806,2930,2980,2990,2990,2858,48,976036,2799527367,0
90809,2930,2980,2990,2990,2858,49,980706,2813210467,0
90817,2931,2980,2990,2990,2858,50,984706,2824934467,0
90820,2931,2980,2990,2990,2858,51,990706,2842520467,0
90820,2930,2980,2990,2990,2858,52,996036,2858137367,0
90820,2930,2979,2990,2990,2858,53,1046036,3004637367,0
90837,2923,2979,2990,2990,2858,54,1061036,3048482367,0
91016,2922,2978,2990,2990,2858,55,1071036,3077702367,0
91023,2901,2978,2990,2990,2858,56,1074036,3086405367,0
91023,2901,2978,2990,2990,2858,57,1079036,3100910367,0
91035,2901,2978,2990,2990,2858,58,1081036,3106712367,0
91039,2901,2978,2990,2990,2858,59,1084470,3116674401,0
91040,2900,2978,2990,2990,2858,60,1086295,3121966901,0
91040,2900,2978,2990,2990,2858,61,1086587,3122813701,0
91048,2900,2978,2990,2990,2858,62,1088045,3127041901,0
91048,2897,2977,2990,2990,2858,63,1147205,3298428421,0
91048,2901,2976,2990,2990,2858,64,1157205,3327438421,0
91049,2901,2976,2990,2990,2858,65,1164052,3347301568,0
91053,2901,2976,2990,2990,2858,66,1169352,3362676868,0
91101,2897,2976,2990,2990,2858,67,1179409,3391811997,0
91132,2901,2976,2990,2990,2858,68,1182498,3400773186,0
91137,2922,2976,2990,2990,2858,69,1207289,3473212488,0
91137,2922,2975,2990,2990,2858,70,1212289,3487822488,0
91147,2922,2975,2990,2990,2858,71,1228654,3535641018,0
91147,2922,2975,2990,2990,2858,72,1241454,3573042618,0
91148,2922,2975,2990,2990,2858,73,1248893,3594779376,0
91245,2922,2975,2990,2990,2858,74,1251253,3601675296,0
91249,2922,2975,2990,2990,2858,75,1261253,3630895296,0
91355,2921,2974,2990,2990,2858,76,1267418,3648903261,0
91407,2920,2974,2990,2990,2858,77,1270829,3658863381,0
91435,2911,2974,2990,2990,2858,78,1272829,3664685381,0
91435,2911,2974,2990,2990,2858,79,1282829,3693795381,0
91435,2910,2974,2990,2990,2858,80,1286709,3705086181,0
91435,2909,2974,2990,2990,2858,81,1293620,3725190280,0
91435,2902,2971,2990,2990,2858,82,1450829,4181410798,0
91506,2903,2971,2990,2990,2858,83,1453329,4188668298,0
91506,2903,2971,2990,2990,2858,84,1455542,4195092637,0
91514,2904,2971,2990,2990,2858,85,1457542,4200900637,0
91514,2903,2970,2990,2990,2858,86,1465329,4223506298,0
91514,2902,2970,2990,2990,2858,87,1485859,4283084358,0
91521,2902,2968,2990,2990,2858,88,1565859,4515244358,0
91526,2920,2968,2990,2990,2858,89,1568036,4521601198,0
91526,2921,2968,2990,2990,2858,90,1569694,4526444216,0
91545,2921,2968,2990,2990,2858,91,1571871,4532803233,0
91557,2922,2968,2990,2990,2858,92,1574048,4539164427,0
91600,2902,2968,2990,2990,2858,93,1579048,4553674427,0
91623,2922,2968,2990,2990,2858,94,1599048,4612114427,0
91624,2922,2967,2990,2990,2858,95,1621028,4676339987,0
91624,2922,2967,2990,2990,2858,96,1624748,4687209827,0
91624,2922,2967,2990,2990,2858,97,1629948,4702404227,0
91626,2923,2967,2990,2990,2858,98,1632397,4709562654,0
91626,2923,2967,2990,2990,2858,99,1638397,4727100654,0
91626,2933,2967,2990,2990,2858,100,1648377,4756371994,0
91626,2933,2967,2990,2990,2858,101,1649377,4759304994,0
91626,2979,2967,2990,2990,2858,102,1651877,4766752494,0
91626,2979,2967,2990,2990,2858,103,1656740,4781239371,0
91635,2979,2967,2990,2990,2858,104,1674216,4833300375,0
91643,2980,2967,2990,2990,2858,105,1680821,4852983275,0
91655,2979,2967,2990,2990,2858,106,1694245,4892973371,0
91713,2978,2967,2990,2990,2858,107,1696245,4898929371,0
91741,2923,2967,2990,2990,2858,108,1696355,4899250901,0
91815,2924,2967,2990,2990,2858,109,1698435,4905332821,0
91825,2924,2966,2990,2990,2858,110,1704755,4923812501,0
91825,2924,2966,2990,2990,2858,111,1704851,4924093205,0
91832,2955,2966,2990,2990,2858,112,1714851,4953643205,0
91849,2955,2966,2990,2990,2858,113,1720251,4969600205,0
91853,2950,2966,2990,2990,2858,114,1721973,4974680105,0
91853,2924,2966,2990,2990,2858,115,1722251,4975492977,0
91857,2925,2966,2990,2990,2858,116,1730905,5000805927,0
91902,2925,2966,2990,2990,2858,117,1732251,5004742977,0
91902,2924,2966,2990,2990,2858,118,1740905,5030047273,0
91910,2955,2966,2990,2990,2858,119,1743845,5038734973,0
91942,2925,2966,2990,2990,2858,120,1744233,5039869873,0
91942,2955,2966,2990,2990,2858,121,1750845,5059408333,0
91958,2955,2965,2990,2990,2858,122,1792288,5181872398,0
91958,2955,2965,2990,2990,2858,123,1793788,5186304898,0
92056,2924,2965,2990,2990,2858,124,1793791,5186313670,0
92059,2924,2965,2990,2990,2858,125,1794856,5189427730,0
92059,2924,2965,2990,2990,2858,126,1804791,5218477670,0
92130,2926,2965,2990,2990,2858,127,1806541,5223598170,0
92131,2926,2965,2990,2990,2858,128,1810791,5236033670,0
92131,2977,2965,2990,2990,2858,129,1813291,5243476170,0
92131,2978,2965,2990,2990,2858,130,1815291,5249432170,0
92131,2984,2965,2990,2990,2858,131,1816041,5251670170,0
92210,2984,2965,2990,2990,2858,132,1817791,5256892170,0
92210,2984,2965,2990,2990,2858,133,1820291,5264352170,0
92212,2927,2965,2990,2990,2858,134,1823291,5273133170,0
92309,2980,2965,2990,2990,2858,135,1828291,5288033170,0
92322,2980,2965,2990,2990,2858,136,1829291,5291013170,0
92331,2984,2965,2990,2990,2858,137,1831791,5298473170,0
92334,2985,2965,2990,2990,2858,138,1873669,5423479000,0
92334,2986,2965,2990,2990,2858,139,1881669,5447367000,0
92334,2990,2965,2990,2990,2858,140,1884169,5454842000,0
92334,2990,2965,2990,2990,2858,141,1904655,5516095140,0
92334,2990,2965,2990,2990,2858,142,1931791,5597231780,0
92336,2990,2964,2990,2990,2858,143,2031791,5896231780,0
92359,2980,2964,2990,2990,2858,144,2045721,5937743180,0
92413,2980,2964,2990,2990,2858,145,2049791,5949871780,0
92418,2950,2964,2990,2990,2858,146,2082655,6046820580,0
92437,2980,2964,2990,2990,2858,147,2084900,6053510680,0
92529,2997,2964,2990,2997,2858,148,2087400,6061003180,0
92616,2997,2964,2990,2997,2858,149,2092500,6076287880,0
92639,2958,2964,2990,2997,2858,150,2097500,6091077880,0
92646,2958,2964,2990,2997,2858,151,2100500,6099951880,0
92657,2957,2964,2990,2997,2858,152,2104200,6110892780,0
92658,2957,2964,2990,2997,2858,153,2110500,6129521880,0
92658,2957,2963,2990,2997,2858,154,2115500,6144306880,0
92658,2956,2963,2990,2997,2858,155,2120500,6159086880,0
92658,2955,2963,2990,2997,2858,156,2187500,6357071880,0
92658,2952,2962,2990,2997,2858,157,2247575,6534413280,0
92658,2950,2962,2990,2997,2858,158,2264711,6584964480,0
92658,2940,2961,2990,2997,2858,159,2312595,6725743440,0
92658,2940,2961,2990,2997,2858,160,2312690,6726022740,0
92714,2960,2961,2990,2997,2858,161,2314490,6731350740,0
92724,2960,2961,2990,2997,2858,162,2388690,6950982740,0
92759,2960,2960,2990,2997,2858,163,2414490,7027350740,0
92759,2960,2960,2990,2997,2858,164,2424490,7056950740,0
92759,2960,2960,2990,2997,2858,165,2434490,7086550740,0
92808,2960,2960,2990,2997,2858,166,2438690,7098982740,0
92827,2961,2960,2990,2997,2858,167,2458140,7156574190,0
92844,2961,2959,2990,2997,2858,168,2508275,7305023925,0
92905,2961,2959,2990,2997,2858,169,2530631,7371220041,0
92905,2961,2959,2990,2997,2858,170,2536275,7387931925,0
92930,2961,2959,2990,2997,2858,171,2540631,7400830041,0
92933,2961,2959,2990,2997,2858,172,2552131,7434881541,0
92938,2960,2959,2990,2997,2858,173,2594931,7561569541,0
92938,2960,2959,2990,2997,2858,174,2603931,7588209541,0
93005,2950,2958,2990,2997,2858,175,2606121,7594670041,0
93030,2960,2958,2990,2997,2858,176,2639042,7692116201,0
93030,2961,2958,2990,2997,2858,177,2665740,7771168979,0
93030,2961,2958,2990,2997,2858,178,2667087,7775157446,0
93030,2980,2958,2990,2997,2858,179,2717087,7924157446,0
93037,2960,2958,2990,2997,2858,180,2722287,7939549446,0
93037,2997,2958,2990,2997,2858,181,2747687,8015673246,0
93037,2997,2958,2990,2997,2858,182,2767687,8075613246,0
93053,3000,2958,2990,3000,2858,183,2769687,8081613246,0
93053,3000,2958,2990,3000,2858,184,2770287,8083413246,0
93053,3000,2958,2990,3000,2858,185,2771475,8086977246,0
93053,3000,2958,2990,3000,2858,186,2774475,8095977246,0
93053,3000,2958,2990,3000,2858,187,2775695,8099637246,0
93053,3000,2957,2990,3000,2858,188,2810695,8204637246,0
93053,3007,2957,2990,3007,2858,189,2811478,8206991727,0
93053,3010,2957,2990,3010,2858,190,2831478,8267191727,0
93053,3010,2957,2990,3010,2858,191,2836478,8282241727,0
93053,3040,2958,2990,3040,2858,192,2846778,8313553727,0
93053,3044,2958,2990,3044,2858,193,2848578,8319032927,0
93102,2950,2958,2990,3044,2858,194,2850388,8324372427,0
93102,2950,2958,2990,3044,2858,195,2851672,8328160227,0
93106,2960,2957,2990,3044,2858,196,2853932,8334849827,0
93110,3045,2958,2990,3045,2858,197,2855932,8340939827,0
93110,3049,2958,2990,3049,2858,198,2895932,8462899827,0
93110,3050,2958,2990,3050,2858,199,2896832,8465644827,0
93110,3050,2958,2990,3050,2858,200,2929975,8566730977,0
93110,3050,2959,2990,3050,2858,201,2973370,8699085727,0
93110,3059,2959,2990,3059,2858,202,2973470,8699391627,0
93110,3059,2959,2990,3059,2858,203,2975970,8707039127,0
93110,3060,2959,2990,3060,2858,204,2976070,8707345127,0
93110,3060,2959,2990,3060,2858,205,2978070,8713465127,0
93127,3067,2959,2990,3067,2858,206,2998070,8774805127,0
93127,3070,2959,2990,3070,2858,207,3000070,8780945127,0
93127,3090,2959,2990,3090,2858,208,3002070,8787125127,0
93127,3090,2960,2990,3090,2858,209,3075199,9013093737,0
93128,3000,2960,2990,3090,2858,210,3085199,9043093737,0
93136,3090,2960,2990,3090,2858,211,3087699,9050818737,0
93213,3080,2960,2990,3090,2858,212,3090699,9060058737,0
93240,3080,2960,2990,3090,2858,213,3093006,9067164297,0
93240,3080,2960,2990,3090,2858,214,3094442,9071587177,0
93240,3080,2960,2990,3090,2858,215,3095006,9073324297,0
93240,3080,2960,2990,3090,2858,216,3105006,9104124297,0
93240,3080,2960,2990,3090,2858,217,3107006,9110284297,0
93240,3080,2960,2990,3090,2858,218,3109006,9116444297,0
93240,3080,2961,2990,3090,2858,219,3118659,9146175537,0
93244,3080,2961,2990,3090,2858,220,3126003,9168795057,0
93258,3080,2961,2990,3090,2858,221,3168659,9300175537,0
93258,3090,2962,2990,3090,2858,222,3182564,9343141987,0
93258,3090,2962,2990,3090,2858,223,3184564,9349321987,0
93258,3090,2962,2990,3090,2858,224,3194564,9380221987,0
93336,3020,2962,2990,3090,2858,225,3198564,9392301987,0
93418,3079,2962,2990,3090,2858,226,3200246,9397480865,0
93503,3050,2962,2990,3090,2858,227,3210246,9427980865,0
93514,3079,2962,2990,3090,2858,228,3210564,9428959987,0
93514,3079,2962,2990,3090,2858,229,3214251,9440312260,0
93552,3040,2962,2990,3090,2858,230,3216251,9446392260,0
93608,3020,2962,2990,3090,2858,231,3217676,9450695760,0
93615,3010,2962,2990,3090,2858,232,3219556,9456354560,0
93615,3001,2962,2990,3090,2858,233,3219676,9456714680,0
93637,3001,2962,2990,3090,2858,234,3223256,9467458260,0
93637,3001,2962,2990,3090,2858,235,3232540,9495319544,0
93645,3001,2962,2990,3090,2858,236,3233256,9497468260,0
93645,3001,2962,2990,3090,2858,237,3237965,9511599969,0
93655,3020,2962,2990,3090,2858,238,3238134,9512110349,0
93655,3070,2962,2990,3090,2858,239,3242134,9524390349,0
93655,3078,2962,2990,3090,2858,240,3259678,9578390781,0
93655,3079,2962,2990,3090,2858,241,3275991,9628618508,0
93655,3079,2963,2990,3090,2858,242,3305991,9720988508,0
93655,3079,2963,2990,3090,2858,243,3307991,9727146508,0
93655,3088,2963,2990,3090,2858,244,3308991,9730234508,0
93655,3089,2964,2990,3090,2858,245,3396491,10000522008,0
93655,3090,2965,2990,3090,2858,246,3416491,10062322008,0
93655,3090,2965,2990,3090,2858,247,3418491,10068502008,0
93655,3090,2965,2990,3090,2858,248,3428491,10099402008,0
93655,3090,2965,2990,3090,2858,249,3437965,10128676668,0
93658,3001,2965,2990,3090,2858,250,3447965,10158686668,0
93726,3003,2965,2990,3090,2858,251,3449754,10164059035,0
93726,3002,2965,2990,3090,2858,252,3478301,10249757129,0
93745,3087,2965,2990,3090,2858,253,3480032,10255100726,0
93745,3087,2965,2990,3090,2858,254,3508579,10343225315,0
93745,3088,2966,2990,3090,2858,255,3528579,10404985315,0
93745,3088,2967,2990,3090,2858,256,3574216,10545912371,0
93758,3003,2967,2990,3090,2858,257,3575995,10551254708,0
93909,3079,2967,2990,3090,2858,258,3577774,10556732249,0
93909,3080,2967,2990,3090,2858,259,3587774,10587532249,0
93909,3080,2967,2990,3090,2858,260,3621403,10691109569,0
93909,3087,2967,2990,3090,2858,261,3629624,10716487796,0
93929,3007,2967,2990,3090,2858,262,3631403,10721837249,0
93938,3007,2967,2990,3090,2858,263,3632938,10726452994,0
94034,3013,2967,2990,3090,2858,264,3641938,10753569994,0
94100,3087,2967,2990,3090,2858,265,3643717,10759061767,0
94100,3087,2967,2990,3090,2858,266,3648938,10775178994,0
94242,3020,2967,2990,3090,2858,267,3652424,10785706714,0
94408,3080,2968,2990,3090,2858,268,3655424,10794946714,0
94408,3080,2968,2990,3090,2858,269,3658924,10805726714,0
94427,3025,2968,2990,3090,2858,270,3660024,10809054214,0
94438,3080,2968,2990,3090,2858,271,3661624,10813982214,0
94438,3080,2968,2990,3090,2858,272,3665624,10826302214,0
94537,3079,2968,2990,3090,2858,273,3667624,10832460214,0
94551,3040,2968,2990,3090,2858,274,3677570,10862696054,0
94602,3040,2968,2990,3090,2858,275,3677624,10862860214,0
94602,3075,2968,2990,3090,2858,276,3697624,10924360214,0
94809,3035,2968,2990,3090,2858,277,3698324,10926484714,0
94834,3040,2968,2990,3090,2858,278,3702272,10938486634,0
94948,3040,2968,2990,3090,2858,279,3703003,10940708874,0
95020,3040,2968,2990,3090,2858,280,3711272,10965846634,0
95045,3050,2968,2990,3090,2858,281,3721272,10996346634,0
95205,3035,2968,2990,3090,2858,282,3723687,11003676159,0
95336,3035,2968,2990,3090,2858,283,3726894,11013409404,0
95342,3040,2968,2990,3090,2858,284,3728594,11018577404,0
95501,3049,2968,2990,3090,2858,285,3736594,11042969404,0
95558,3049,2968,2990,3090,2858,286,3738594,11049067404,0
95611,3040,2968,2990,3090,2858,287,3743788,11064857164,0
95611,3040,2968,2990,3090,2858,288,3746782,11073958924,0
95625,3040,2968,2990,3090,2858,289,3752588,11091609164,0
95659,3040,2968,2990,3090,2858,290,3753502,11094387724,0
95659,3040,2968,2990,3090,2858,291,3754705,11098044844,0
95659,3040,2968,2990,3090,2858,292,3762915,11123003244,0
95659,3040,2969,2990,3090,2858,293,3778915,11171643244,0
95756,3040,2969,2990,3090,2858,294,3781415,11179243244,0
95904,3048,2969,2990,3090,2858,295,3786415,11194483244,0
95910,3040,2969,2990,3090,2858,296,3790415,11206643244,0
95939,3041,2969,2990,3090,2858,297,3800415,11237053244,0
95939,3040,2969,2990,3090,2858,298,3867588,11441259164,0
95939,3040,2969,2990,3090,2858,299,3869264,11446354204,0
95952,3040,2969,2990,3090,2858,300,3885296,11495091484,0
100028,3041,2969,2990,3090,2858,301,3890296,11510296484,0
100150,3040,2969,2990,3090,2858,302,3892296,11516376484,0
100219,3040,2969,2990,3090,2858,303,3899696,11538872484,0
100232,3040,2969,2990,3090,2858,304,3905302,11555914724,0
100311,3040,2969,2990,3090,2858,305,3906472,11559471524,0
100432,3041,2969,2990,3090,2858,306,3911472,11574676524,0
100507,3048,2969,2990,3090,2858,307,3912472,11577724524,0
100507,3048,2970,2990,3090,2858,308,3914472,11583820524,0
100521,3048,2970,2990,3090,2858,309,3918805,11597027508,0
100552,3050,2970,2990,3090,2858,310,3937468,11653949658,0
100552,3050,2970,2990,3090,2858,311,3946805,11682427508,0
100750,3055,2970,2990,3090,2858,312,3961805,11728252508,0
100750,3055,2970,2990,3090,2858,313,3963805,11734362508,0
100750,3055,2970,2990,3090,2858,314,3965805,11740472508,0
100750,3060,2970,2990,3090,2858,315,3971805,11758832508,0
100812,3060,2970,2990,3090,2858,316,3972964,11762379048,0
100900,3060,2970,2990,3090,2858,317,3975964,11771559048,0
100917,3060,2970,2990,3090,2858,318,3985964,11802159048,0
100937,3060,2970,2990,3090,2858,319,3990964,11817459048,0
101010,3060,2970,2990,3090,2858,320,4003036,11854399368,0
101017,3060,2970,2990,3090,2858,321,4006036,11863579368,0
101026,3060,2970,2990,3090,2858,322,4008036,11869699368,0
101043,3060,2970,2990,3090,2858,323,4010536,11877349368,0
101052,3060,2971,2990,3090,2858,324,4046805,11988332508,0
101056,3060,2971,2990,3090,2858,325,4051275,12002010708,0
101114,3060,2971,2990,3090,2858,326,4067501,12051662268,0
101149,3048,2971,2990,3090,2858,327,4069451,12057605868,0
101149,3048,2971,2990,3090,2858,328,4071411,12063579948,0
101149,3048,2971,2990,3090,2858,329,4073061,12068609148,0
101215,3040,2971,2990,3090,2858,330,4076061,12077729148,0
101215,3040,2971,2990,3090,2858,331,4076804,12079987868,0
101227,3040,2971,2990,3090,2858,332,4078204,12084243868,0
101240,3040,2971,2990,3090,2858,333,4080618,12091582428,0
101502,3040,2971,2990,3090,2858,334,4081061,12092929148,0
101505,3037,2971,2990,3090,2858,335,4082761,12098092048,0
101505,3035,2971,2990,3090,2858,336,4092761,12128442048,0
101505,3034,2971,2990,3090,2858,337,4094461,12133599848,0
101505,3030,2971,2990,3090,2858,338,4094835,12134733068,0
101543,3030,2971,2990,3090,2858,339,4104535,12164124068,0
101548,3040,2971,2990,3090,2858,340,4124092,12223577348,0
101720,3040,2971,2990,3090,2858,341,4125092,12226617348,0
101732,3040,2971,2990,3090,2858,342,4125142,12226769348,0
101732,3040,2971,2990,3090,2858,343,4125339,12227368228,0
101820,3040,2972,2990,3090,2858,344,4174839,12377848228,0
101926,3030,2972,2990,3090,2858,345,4182839,12402088228,0
101929,3030,2972,2990,3090,2858,346,4183909,12405330328,0
101940,3030,2972,2990,3090,2858,347,4187327,12415686868,0
102040,3031,2972,2990,3090,2858,348,4198019,12448094320,0
102050,3030,2972,2990,3090,2858,349,4201519,12458699320,0
102106,3030,2972,2990,3090,2858,350,4212283,12491314240,0
102113,3031,2972,2990,3090,2858,351,4213983,12496466940,0
102128,3031,2972,2990,3090,2858,352,4242555,12583068672,0
102248,3040,2972,2990,3090,2858,353,4244555,12589148672,0
102338,3040,2972,2990,3090,2858,354,4257389,12628164032,0
102401,3040,2972,2990,3090,2858,355,4259389,12634244032,0
102529,3040,2972,2990,3090,2858,356,4269389,12664644032,0
102612,3036,2972,2990,3090,2858,357,4271389,12670716032,0
102624,3035,2972,2990,3090,2858,358,4273089,12675875532,0
102625,3033,2972,2990,3090,2858,359,4274889,12681334932,0
102625,3031,2972,2990,3090,2858,360,4276569,12686427012,0
102625,3030,2972,2990,3090,2858,361,4277589,12689517612,0
102705,3032,2972,2990,3090,2858,362,4287589,12719837612,0
102730,3030,2972,2990,3090,2858,363,4307589,12780437612,0
102731,3030,2972,2990,3090,2858,364,4311889,12793466612,0
102747,3035,2972,2990,3090,2858,365,4321889,12823816612,0
102747,3040,2973,2990,3090,2858,366,4323579,12828954212,0
102747,3040,2973,2990,3090,2858,367,4326479,12837770212,0
102749,3040,2973,2990,3090,2858,368,4341585,12883692452,0
102749,3030,2973,2990,3090,2858,369,4345201,12894648932,0
102749,3030,2973,2990,3090,2858,370,4347201,12900708932,0
102749,3030,2973,2990,3090,2858,371,4350201,12909798932,0
102749,3030,2973,2990,3090,2858,372,4351901,12914949932,0
102749,3030,2973,2990,3090,2858,373,4353601,12920100932,0
102754,3030,2973,2990,3090,2858,374,4383601,13011000932,0
102814,3020,2973,2990,3090,2858,375,4384359,13013290092,0
102814,3020,2973,2990,3090,2858,376,4386101,13018550932,0
102816,3020,2973,2990,3090,2858,377,4389660,13029299112,0
102841,3030,2973,2990,3090,2858,378,4391510,13034904612,0
102903,3020,2973,2990,3090,2858,379,4392568,13038099772,0
102950,3020,2973,2990,3090,2858,380,4486209,13320895592,0
103106,3020,2973,2990,3090,2858,381,4500274,13363371892,0
103128,3016,2973,2990,3090,2858,382,4503271,13372410844,0
103128,3016,2973,2990,3090,2858,383,4506771,13382966844,0
103148,3016,2973,2990,3090,2858,384,4520274,13423691892,0
103239,3016,2973,2990,3090,2858,385,4530163,13453517116,0
103306,3017,2973,2990,3090,2858,386,4530662,13455022599,0
103335,3045,2973,2990,3090,2858,387,4535662,13470247599,0
103343,3017,2973,2990,3090,2858,388,4537163,13474776116,0
103343,3017,2973,2990,3090,2858,389,4539163,13480810116,0
103357,3017,2973,2990,3090,2858,390,4541063,13486542416,0
103403,3017,2973,2990,3090,2858,391,4551063,13516712416,0
103404,3016,2973,2990,3090,2858,392,4551174,13517047192,0
103412,3016,2973,2990,3090,2858,393,4561174,13547207192,0
103418,3015,2973,2990,3090,2858,394,4563174,13553237192,0
103420,3016,2973,2990,3090,2858,395,4578174,13598477192,0
103431,3015,2973,2990,3090,2858,396,4580174,13604507192,0
103437,3016,2973,2990,3090,2858,397,4590174,13634667192,0
103437,3015,2973,2990,3090,2858,398,4595080,13649458782,0
103452,3016,2973,2990,3090,2858,399,4598680,13660316382,0
103455,3016,2973,2990,3090,2858,400,4600480,13665745182,0
103504,3015,2973,2990,3090,2858,401,4651574,13819793592,0
103520,3015,2973,2990,3090,2858,402,4659969,13845104517,0
103538,3015,2973,2990,3090,2858,403,4661044,13848345642,0
103546,3015,2973,2990,3090,2858,404,4663044,13854375642,0
103636,3015,2973,2990,3090,2858,405,4664574,13858988592,0
103724,3008,2973,2990,3090,2858,406,4664843,13859797744,0
103751,3008,2973,2990,3090,2858,407,4668254,13870058032,0
103805,3008,2973,2990,3090,2858,408,4671614,13880164912,0
103808,3008,2973,2990,3090,2858,409,4672254,13882090032,0
103848,3010,2973,2990,3090,2858,410,4677163,13896866122,0
103852,3010,2973,2990,3090,2858,411,4681514,13909962632,0
103852,3007,2973,2990,3090,2858,412,4681709,13910548997,0
103852,3007,2973,2990,3090,2858,413,4691709,13940618997,0
103852,3007,2973,2990,3090,2858,414,4696709,13955653997,0
103852,3006,2973,2990,3090,2858,415,4698609,13961365397,0
103852,3004,2973,2990,3090,2858,416,4718609,14021445397,0
103852,3003,2973,2990,3090,2858,417,4720309,14026550497,0
103852,3000,2973,2990,3090,2858,418,4722163,14032112497,0
103912,3000,2973,2990,3090,2858,419,4724309,14038550497,0
103912,3000,2973,2990,3090,2858,420,4726309,14044550497,0
103928,2972,2973,2990,3090,2858,421,4776309,14193150497,0
103954,2973,2973,2990,3090,2858,422,4781309,14208015497,0
104006,2972,2973,2990,3090,2858,423,4783009,14213067897,0
104006,2972,2973,2990,3090,2858,424,4788009,14227927897,0
104032,2964,2973,2990,3090,2858,425,4790009,14233855897,0
104032,2964,2973,2990,3090,2858,426,4812309,14299953097,0
104125,2972,2973,2990,3090,2858,427,4814809,14307383097,0
104128,2970,2973,2990,3090,2858,428,4824809,14337083097,0
104135,2964,2972,2990,3090,2858,429,4852509,14419185897,0
104135,2964,2972,2990,3090,2858,430,4857509,14434005897,0
104143,2961,2972,2990,3090,2858,431,4877509,14493225897,0
104148,2960,2972,2990,3090,2858,432,4883509,14510985897,0
104151,2950,2972,2990,3090,2858,433,4886009,14518360897,0
104157,2960,2972,2990,3090,2858,434,4926009,14636760897,0
104203,2960,2972,2990,3090,2858,435,4947309,14699808897,0
104203,2960,2972,2990,3090,2858,436,4947321,14699844417,0
104218,2964,2972,2990,3090,2858,437,4952006,14713730757,0
104253,2964,2971,2990,3090,2858,438,4956099,14725862409,0
104317,2970,2971,2990,3090,2858,439,4957099,14728832409,0
104317,2972,2971,2990,3090,2858,440,4964599,14751122409,0
104317,2973,2971,2990,3090,2858,441,4964600,14751125382,0
104317,3000,2971,2990,3090,2858,442,4994600,14841125382,0
104518,3001,2971,2990,3090,2858,443,5001600,14862132382,0
104645,3017,2971,2990,3090,2858,444,5001609,14862159535,0
104800,3017,2972,2990,3090,2858,445,5004788,14871750578,0
104814,3017,2972,2990,3090,2858,446,5006600,14877217382,0
104831,3003,2972,2990,3090,2858,447,5026600,14937277382,0
104842,3003,2972,2990,3090,2858,448,5046600,14997337382,0
104904,3003,2972,2990,3090,2858,449,5048300,15002442482,0
104904,3003,2972,2990,3090,2858,450,5058300,15032472482,0
104907,3003,2972,2990,3090,2858,451,5061655,15042547547,0
105001,3004,2972,2990,3090,2858,452,5063843,15049120299,0
105352,3005,2972,2990,3090,2858,453,5065143,15053026799,0
105438,3005,2972,2990,3090,2858,454,5071759,15072907879,0
105438,3005,2972,2990,3090,2858,455,5081759,15102957879,0
105514,3004,2972,2990,3090,2858,456,5096199,15146335639,0
105519,3004,2972,2990,3090,2858,457,5108699,15183885639,0
105630,3004,2972,2990,3090,2858,458,5130279,15248711959,0
105720,3004,2972,2990,3090,2858,459,5133279,15257723959,0
105759,3004,2972,2990,3090,2858,460,5160571,15339709127,0
105759,3004,2972,2990,3090,2858,461,5162571,15345717127,0
105808,3004,2973,2990,3090,2858,462,5164613,15351851295,0
105906,3005,2973,2990,3090,2858,463,5164614,15351854300,0
105915,3005,2973,2990,3090,2858,464,5170256,15368808510,0
105942,3004,2973,2990,3090,2858,465,5177549,15390716682,0
110001,3001,2973,2990,3090,2858,466,5178570,15393780703,0
110006,3001,2973,2990,3090,2858,467,5180549,15399719682,0
110006,3000,2973,2990,3090,2858,468,5182759,15406349682,0
110006,3000,2973,2990,3090,2858,469,5197759,15451349682,0
110006,3000,2973,2990,3090,2858,470,5202759,15466349682,0
110014,2999,2973,2990,3090,2858,471,5204459,15471447982,0
110040,2998,2973,2990,3090,2858,472,5206159,15476544582,0
110040,2998,2973,2990,3090,2858,473,5207859,15481641182,0
110111,2997,2973,2990,3090,2858,474,5209466,15486457361,0
110123,2997,2973,2990,3090,2858,475,5216114,15506381417,0
110131,2996,2973,2990,3090,2858,476,5217914,15511774217,0
110147,2990,2973,2990,3090,2858,477,5219614,15516857217,0
110203,2981,2973,2990,3090,2858,478,5221314,15521924917,0
110212,2976,2973,2990,3090,2858,479,5231314,15551684917,0
110231,2971,2973,2990,3090,2858,480,5233004,15556705907,0
110231,2971,2973,2990,3090,2858,481,5234704,15561756607,0
110256,2965,2973,2990,3090,2858,482,5239646,15576409637,0
110300,2971,2973,2990,3090,2858,483,5240500,15578946871,0
110516,2972,2973,2990,3090,2858,484,5242206,15584017103,0
110601,2971,2973,2990,3090,2858,485,5244705,15591441632,0
110601,2971,2973,2990,3090,2858,486,5246585,15597027112,0
110601,2971,2973,2990,3090,2858,487,5248975,15604127802,0
110601,2971,2973,2990,3090,2858,488,5250925,15609921252,0
110601,2966,2973,2990,3090,2858,489,5252635,15614993112,0
110605,2966,2973,2990,3090,2858,490,5260500,15638320702,0
110620,2972,2973,2990,3090,2858,491,5267911,15660346194,0
110632,2972,2973,2990,3090,2858,492,5269253,15664334618,0
110731,2970,2973,2990,3090,2858,493,5272203,15673096118,0
110749,2970,2973,2990,3090,2858,494,5296089,15744037538,0
110821,2970,2973,2990,3090,2858,495,5298089,15749977538,0
110843,2965,2973,2990,3090,2858,496,5303439,15765840288,0
110843,2965,2973,2990,3090,2858,497,5308089,15779627538,0
110906,2965,2973,2990,3090,2858,498,5308439,15780665288,0
110906,2965,2973,2990,3090,2858,499,5310439,15786595288,0
110906,2965,2973,2990,3090,2858,500,5310589,15787040038,0
111017,2965,2973,2990,3090,2858,501,5313739,15796379788,0
111031,2961,2973,2990,3090,2858,502,5315439,15801413488,0
111031,2961,2973,2990,3090,2858,503,5317155,15806494564,0
111031,2961,2973,2990,3090,2858,504,5322155,15821299564,0
111047,2954,2973,2990,3090,2858,505,5328155,15839023564,0
111109,2954,2973,2990,3090,2858,506,5332275,15851194044,0
111109,2954,2973,2990,3090,2858,507,5335275,15860056044,0
111109,2954,2973,2990,3090,2858,508,5340275,15874826044,0
111109,2953,2973,2990,3090,2858,509,5342020,15879979029,0
111109,2952,2973,2990,3090,2858,510,5344144,15886249077,0
111109,2951,2973,2990,3090,2858,511,5354144,15915759077,0
111109,2951,2973,2990,3090,2858,512,5356144,15921661077,0
111109,2951,2973,2990,3090,2858,513,5357844,15926677777,0
111109,2951,2973,2990,3090,2858,514,5362844,15941432777,0
111109,2950,2973,2990,3090,2858,515,5364060,15945019977,0
111109,2950,2973,2990,3090,2858,516,5369060,15959769977,0
111109,2950,2973,2990,3090,2858,517,5370238,15963245077,0
111119,2950,2973,2990,3090,2858,518,5372238,15969145077,0
111134,2950,2973,2990,3090,2858,519,5372430,15969711477,0
111134,2950,2973,2990,3090,2858,520,5377430,15984461477,0
111134,2950,2973,2990,3090,2858,521,5378238,15986845077,0
111219,2950,2972,2990,3090,2858,522,5380830,15994491477,0
111257,2944,2972,2990,3090,2858,523,5382555,15999569877,0
111320,2944,2972,2990,3090,2858,524,5385939,16009532373,0
111338,2943,2972,2990,3090,2858,525,5388210,16016215926,0
111425,2942,2972,2990,3090,2858,526,5390010,16021511526,0
111425,2942,2972,2990,3090,2858,527,5390210,16022099926,0
111426,2942,2972,2990,3090,2858,528,5399215,16048592636,0
111429,2942,2972,2990,3090,2858,529,5400010,16050931526,0
111449,2942,2972,2990,3090,2858,530,5404010,16062699526,0
111453,2941,2972,2990,3090,2858,531,5405726,16067746282,0
111455,2942,2972,2990,3090,2858,532,5405931,16068349392,0
111455,2942,2972,2990,3090,2858,533,5411443,16084565696,0
111457,2942,2972,2990,3090,2858,534,5422273,16116427556,0
111457,2941,2972,2990,3090,2858,535,5422307,16116527550,0
111457,2941,2972,2990,3090,2858,536,5427776,16132611879,0
111457,2941,2972,2990,3090,2858,537,5427916,16133023619,0
111457,2942,2972,2990,3090,2858,538,5459303,16225364173,0
111457,2943,2972,2990,3090,2858,539,5472303,16263623173,0
111532,2950,2972,2990,3090,2858,540,5483721,16297306273,0
111538,2945,2972,2990,3090,2858,541,5485421,16302312773,0
111608,2950,2972,2990,3090,2858,542,5507049,16366115373,0
111609,2945,2972,2990,3090,2858,543,5507214,16366601298,0
111642,2944,2972,2990,3090,2858,544,5509214,16372489298,0
111654,2944,2972,2990,3090,2858,545,5521214,16407817298,0
111748,2943,2972,2990,3090,2858,546,5541214,16466677298,0
111748,2943,2972,2990,3090,2858,547,5543544,16473534488,0
111748,2943,2972,2990,3090,2858,548,5545969,16480671263,0
111748,2941,2972,2990,3090,2858,549,5571214,16554916808,0
111805,2944,2971,2990,3090,2858,550,5593492,16620503240,0
111848,2945,2971,2990,3090,2858,551,5596792,16630221740,0
111858,2945,2971,2990,3090,2858,552,5606792,16659671740,0
111903,2945,2971,2990,3090,2858,553,5644144,16769673380,0
111938,2945,2971,2990,3090,2858,554,5645663,16774146835,0
112038,2944,2971,2990,3090,2858,555,5648663,16782978835,0
112048,2944,2971,2990,3090,2858,556,5653563,16797404435,0
112053,2944,2971,2990,3090,2858,557,5655363,16802703635,0
112053,2945,2971,2990,3090,2858,558,5660564,16818020580,0
112056,2945,2971,2990,3090,2858,559,5683564,16885755580,0
112058,2945,2971,2990,3090,2858,560,5691614,16909462830,0
112120,2945,2971,2990,3090,2858,561,5694614,16918297830,0
112155,2945,2971,2990,3090,2858,562,5699614,16933022830,0
112210,2950,2971,2990,3090,2858,563,5720856,16995686730,0
112257,2950,2971,2990,3090,2858,564,5725356,17008961730,0
112257,2950,2971,2990,3090,2858,565,5762641,17118952480,0
112644,2960,2971,2990,3090,2858,566,5764641,17124872480,0
112646,2960,2971,2990,3090,2858,567,5772641,17148552480,0
112646,2954,2971,2990,3090,2858,568,5773641,17151506480,0
112831,2956,2971,2990,3090,2858,569,5775141,17155940480,0
112845,2956,2971,2990,3090,2858,570,5777434,17162718588,0
113043,2956,2971,2990,3090,2858,571,5778641,17166286480,0
113043,2956,2971,2990,3090,2858,572,5782434,17177498588,0
113234,2958,2970,2990,3090,2858,573,5871434,17440760588,0
113234,2958,2970,2990,3090,2858,574,5881434,17470340588,0
113234,2957,2970,2990,3090,2858,575,6049077,17966060939,0
113234,2956,2970,2990,3090,2858,576,6182434,18360264231,0
113258,2969,2970,2990,3090,2858,577,6184145,18365344190,0
113316,2969,2970,2990,3090,2858,578,6191945,18388502390,0
113343,2969,2970,2990,3090,2858,579,6202652,18420291473,0
113418,2959,2970,2990,3090,2858,580,6204040,18424398565,0
113534,2960,2970,2990,3090,2858,581,6206540,18431798565,0
113534,2960,2970,2990,3090,2858,582,6208255,18436874965,0
113604,2960,2970,2990,3090,2858,583,6214040,18453998565,0
113910,2961,2970,2990,3090,2858,584,6216614,18461620179,0
113929,2961,2970,2990,3090,2858,585,6233034,18510239799,0
114109,2962,2970,2990,3090,2858,586,6236542,18520630495,0
114143,2961,2970,2990,3090,2858,587,6247548,18553219261,0
114158,2960,2970,2990,3090,2858,588,6249548,18559139261,0
114158,2960,2970,2990,3090,2858,589,6253198,18569943261,0
114158,2960,2970,2990,3090,2858,590,6262548,18597619261,0
114237,2959,2970,2990,3090,2858,591,6263585,18600687744,0
114252,2950,2970,2990,3090,2858,592,6288585,18674437744,0
114308,2950,2970,2990,3090,2858,593,6293585,18689187744,0
114308,2950,2970,2990,3090,2858,594,6295485,18694792744,0
114308,2950,2970,2990,3090,2858,595,6299585,18706887744,0
114310,2950,2969,2990,3090,2858,596,6345485,18842292744,0
114310,2950,2969,2990,3090,2858,597,6355485,18871792744,0
114331,2947,2969,2990,3090,2858,598,6358442,18880507023,0
114336,2947,2969,2990,3090,2858,599,6362942,18893768523,0
114341,2947,2969,2990,3090,2858,600,6369866,18914173551,0
114348,2947,2969,2990,3090,2858,601,6384155,18956283234,0
114400,2944,2969,2990,3090,2858,602,6402177,19009340002,0
114400,2944,2969,2990,3090,2858,603,6412177,19038780002,0
114441,2942,2969,2990,3090,2858,604,6432177,19097620002,0
114451,2940,2969,2990,3090,2858,605,6442809,19128878082,0
114547,2941,2969,2990,3090,2858,606,6445809,19137701082,0
114549,2941,2969,2990,3090,2858,607,6447156,19141662609,0
114632,2940,2969,2990,3090,2858,608,6465234,19194811929,0
114752,2941,2969,2990,3090,2858,609,6475129,19223913124,0
114757,2940,2969,2990,3090,2858,610,6478229,19233027124,0
114834,2940,2969,2990,3090,2858,611,6485529,19254489124,0
114844,2940,2969,2990,3090,2858,612,6490529,19269189124,0
114912,2940,2969,2990,3090,2858,613,6496419,19286505724,0
114912,2940,2969,2990,3090,2858,614,6506419,19315905724,0
114912,2940,2969,2990,3090,2858,615,6511419,19330605724,0
114912,2940,2969,2990,3090,2858,616,6513419,19336485724,0
115046,2940,2969,2990,3090,2858,617,6531519,19389699724,0
115113,2931,2969,2990,3090,2858,618,6533269,19394828974,0
115113,2931,2969,2990,3090,2858,619,6533519,19395561724,0
115116,2931,2969,2990,3090,2858,620,6535869,19402449574,0
115116,2931,2969,2990,3090,2858,621,6537519,19407285724,0
115337,2932,2969,2990,3090,2858,622,6540453,19415888212,0
115337,2932,2969,2990,3090,2858,623,6541921,19420192388,0
115410,2932,2969,2990,3090,2858,624,6543921,19426056388,0
115439,2932,2969,2990,3090,2858,625,6545453,19430548212,0
115512,2931,2969,2990,3090,2858,626,6548803,19440367062,0
115531,2931,2969,2990,3090,2858,627,6551453,19448134212,0
115531,2932,2969,2990,3090,2858,628,6553803,19455024412,0
115611,2930,2968,2990,3090,2858,629,6555803,19460884412,0
115618,2930,2968,2990,3090,2858,630,6558803,19469674412,0
115707,2923,2968,2990,3090,2858,631,6561803,19478443412,0
115707,2923,2968,2990,3090,2858,632,6563803,19484289412,0
115740,2923,2968,2990,3090,2858,633,6566423,19491947672,0
115744,2923,2968,2990,3090,2858,634,6568803,19498904412,0
115758,2923,2968,2990,3090,2858,635,6571803,19507673412,0
115818,2924,2968,2990,3090,2858,636,6573218,19511810872,0
115831,2924,2968,2990,3090,2858,637,6574703,19516153012,0
115831,2924,2968,2990,3090,2858,638,6584703,19545393012,0
115831,2923,2968,2990,3090,2858,639,6594323,19573512272,0
115831,2923,2968,2990,3090,2858,640,6596529,19579960410,0
115831,2922,2968,2990,3090,2858,641,6605529,19606258410,0
115831,2922,2968,2990,3090,2858,642,6608529,19615024410,0
115831,2921,2968,2990,3090,2858,643,6610279,19620136160,0
115831,2921,2968,2990,3090,2858,644,6612018,19625215779,0
115831,2921,2968,2990,3090,2858,645,6622018,19654425779,0
115831,2920,2968,2990,3090,2858,646,6624018,19660265779,0
115831,2920,2968,2990,3090,2858,647,6631218,19681289779,0
115848,2920,2968,2990,3090,2858,648,6633548,19688093379,0
115848,2920,2968,2990,3090,2858,649,6634098,19689699379,0
115930,2920,2968,2990,3090,2858,650,6639018,19704065779,0
115942,2919,2968,2990,3090,2858,651,6641018,19709903779,0
115942,2918,2968,2990,3090,2858,652,6646018,19724493779,0
115942,2917,2968,2990,3090,2858,653,6654018,19747829779,0
120005,2917,2968,2990,3090,2858,654,6655694,19752718671,0
120040,2920,2968,2990,3090,2858,655,6655774,19752952271,0
120116,2920,2968,2990,3090,2858,656,6656267,19754391831,0
120309,2925,2968,2990,3090,2858,657,6658167,19759949331,0
120314,2920,2968,2990,3090,2858,658,6661167,19768709331,0
120315,2925,2968,2990,3090,2858,659,6666946,19785612906,0
120340,2925,2968,2990,3090,2858,660,6668946,19791462906,0
120351,2921,2968,2990,3090,2858,661,6671046,19797597006,0
120509,2921,2968,2990,3090,2858,662,6672546,19801978506,0
120612,2925,2968,2990,3090,2858,663,6672867,19802917431,0
120612,2930,2968,2990,3090,2858,664,6684172,19836041081,0
120612,2930,2968,2990,3090,2858,665,6685430,19839727021,0
120639,2930,2968,2990,3090,2858,666,6699897,19882115331,0
120647,2930,2968,2990,3090,2858,667,6700723,19884535511,0
120647,2930,2968,2990,3090,2858,668,6702897,19890905331,0
120814,2932,2967,2990,3090,2858,669,6709761,19911030579,0
120814,2932,2967,2990,3090,2858,670,6712149,19918032195,0
121008,2932,2967,2990,3090,2858,671,6717149,19932692195,0
121037,2931,2967,2990,3090,2858,672,6718834,19937630930,0
121100,2931,2967,2990,3090,2858,673,6726649,19960536695,0
121112,2932,2967,2990,3090,2858,674,6727615,19963369007,0
121113,2932,2967,2990,3090,2858,675,6728649,19966400695,0
121113,2931,2967,2990,3090,2858,676,6729214,19968056710,0
121207,2930,2967,2990,3090,2858,677,6732040,19976336890,0
121207,2930,2967,2990,3090,2858,678,6733919,19981842360,0
121237,2930,2967,2990,3090,2858,679,6737040,19990986890,0
121337,2922,2967,2990,3090,2858,680,6741040,20002674890,0
121337,2922,2967,2990,3090,2858,681,6743040,20008518890,0
121345,2921,2967,2990,3090,2858,682,6747440,20021371290,0
121345,2921,2966,2990,3090,2858,683,6947440,20605571290,0
121345,2921,2966,2990,3090,2858,684,6973623,20682051833,0
121352,2918,2966,2990,3090,2858,685,6975577,20687753605,0
121410,2918,2966,2990,3090,2858,686,6980573,20702331933,0
121410,2918,2966,2990,3090,2858,687,6980577,20702343605,0
121413,2918,2966,2990,3090,2858,688,7001573,20763609933,0
121413,2917,2965,2990,3090,2858,689,7134994,21152798990,0
121433,2917,2965,2990,3090,2858,690,7136207,21156337311,0
121457,2922,2965,2990,3090,2858,691,7140436,21168694449,0
121528,2922,2965,2990,3090,2858,692,7146207,21185557311,0
121545,2922,2965,2990,3090,2858,693,7150307,21197537511,0
121551,2917,2964,2990,3090,2858,694,7205997,21359985241,0
121551,2915,2964,2990,3090,2858,695,7229997,21429945241,0
121551,2915,2964,2990,3090,2858,696,7269997,21546545241,0
121551,2915,2964,2990,3090,2858,697,7279997,21575695241,0
121551,2912,2964,2990,3090,2858,698,7289997,21604815241,0
121611,2912,2964,2990,3090,2858,699,7290007,21604844361,0
121748,2912,2964,2990,3090,2858,700,7291797,21610056841,0
121748,2912,2964,2990,3090,2858,701,7293007,21613580361,0
121801,2912,2964,2990,3090,2858,702,7293797,21615880841,0
121801,2911,2964,2990,3090,2858,703,7296297,21623158341,0
121801,2911,2964,2990,3090,2858,704,7298047,21628252591,0
121801,2911,2964,2990,3090,2858,705,7300007,21633958151,0
121808,2911,2964,2990,3090,2858,706,7301047,21636985591,0
121808,2911,2963,2990,3090,2858,707,7315007,21677623151,0
121823,2922,2963,2990,3090,2858,708,7322136,21698454089,0
121823,2930,2963,2990,3090,2858,709,7329661,21720502339,0
121823,2930,2963,2990,3090,2858,710,7334262,21733983269,0
121823,2930,2963,2990,3090,2858,711,7335875,21738709359,0
121825,2930,2963,2990,3090,2858,712,7338375,21746034359,0
121839,2930,2963,2990,3090,2858,713,7438375,22039034359,0
121853,2930,2963,2990,3090,2858,714,7453375,22082984359,0
121857,2930,2963,2990,3090,2858,715,7500136,22219994089,0
121918,2930,2962,2990,3090,2858,716,7600136,22512994089,0
121920,2930,2962,2990,3090,2858,717,7603136,22521784089,0
121922,2930,2962,2990,3090,2858,718,7633918,22611975349,0
121944,2930,2962,2990,3090,2858,719,7636603,22619842399,0
122006,2930,2962,2990,3090,2858,720,7658183,22683071799,0
122013,2930,2962,2990,3090,2858,721,7668157,22712295619,0
122015,2930,2962,2990,3090,2858,722,7669755,22716977759,0
122033,2930,2962,2990,3090,2858,723,7715007,22849566119,0
122057,2930,2962,2990,3090,2858,724,7725607,22880624119,0
122118,2920,2962,2990,3090,2858,725,7740607,22924424119,0
122118,2930,2962,2990,3090,2858,726,7752917,22960492419,0
122223,2939,2962,2990,3090,2858,727,7758417,22976656919,0
122245,2939,2962,2990,3090,2858,728,7760417,22982534919,0
122324,2938,2961,2990,3090,2858,729,7763808,22992497677,0
122340,2931,2961,2990,3090,2858,730,7783808,23051117677,0
122340,2931,2961,2990,3090,2858,731,7786738,23059705507,0
122400,2930,2961,2990,3090,2858,732,7786808,23059910607,0
122422,2930,2961,2990,3090,2858,733,7863648,23285051807,0
122440,2931,2961,2990,3090,2858,734,7866007,23291966036,0
122450,2931,2961,2990,3090,2858,735,7900743,23393777252,0
122550,2932,2961,2990,3090,2858,736,7902826,23399884608,0
122608,2935,2961,2990,3090,2858,737,7912826,23429234608,0
122609,2932,2961,2990,3090,2858,738,7913826,23432166608,0
122616,2932,2961,2990,3090,2858,739,7913827,23432169540,0
122616,2935,2961,2990,3090,2858,740,7923827,23461519540,0
122620,2935,2961,2990,3090,2858,741,8003827,23696319540,0
122620,2939,2961,2990,3090,2858,742,8006327,23703667040,0
122620,2940,2961,2990,3090,2858,743,8010855,23716979360,0
122639,2941,2961,2990,3090,2858,744,8030855,23775799360,0
122715,2948,2961,2990,3090,2858,745,8033355,23783169360,0
122725,2949,2961,2990,3090,2858,746,8035293,23788884522,0
122741,2949,2961,2990,3090,2858,747,8041355,23806761360,0
122741,2960,2961,2990,3090,2858,748,8053247,23841961680,0
122741,2960,2961,2990,3090,2858,749,8153247,24137961680,0
122827,2978,2961,2990,3090,2858,750,8166425,24177205764,0
122842,2990,2961,2990,3090,2858,751,8171425,24192155764,0
122857,2999,2961,2990,3090,2858,752,8176425,24207150764,0
122857,2999,2961,2990,3090,2858,753,8186425,24237140764,0
122904,2999,2961,2990,3090,2858,754,8189747,24247103442,0
122914,2970,2961,2990,3090,2858,755,8191447,24252152442,0
122917,2970,2961,2990,3090,2858,756,8191832,24253295892,0
122917,2999,2961,2990,3090,2858,757,8208510,24303313214,0
122935,2999,2961,2990,3090,2858,758,8226447,24357106277,0
122939,2999,2961,2990,3090,2858,759,8236447,24387096277,0
122945,2999,2961,2990,3090,2858,760,8244384,24410899340,0
122945,2999,2961,2990,3090,2858,761,8262321,24464692403,0
122945,2999,2961,2990,3090,2858,762,8280258,24518485466,0
122945,2999,2961,2990,3090,2858,763,8298195,24572278529,0
122945,2999,2961,2990,3090,2858,764,8316132,24626071592,0
122945,2999,2961,2990,3090,2858,765,8321132,24641066592,0
122945,3000,2961,2990,3090,2858,766,8333896,24679358592,0
122945,3000,2961,2990,3090,2858,767,8338896,24694358592,0
122945,3000,2961,2990,3090,2858,768,8339896,24697358592,0
122945,3000,2962,2990,3090,2858,769,8389896,24847358592,0
122945,3000,2962,2990,3090,2858,770,8409898,24907364592,0
122945,3000,2962,2990,3090,2858,771,8411898,24913364592,0
122945,3000,2962,2990,3090,2858,772,8434548,24981314592,0
122945,3000,2962,2990,3090,2858,773,8484548,25131314592,0
122957,3000,2962,2990,3090,2858,774,8514548,25221314592,0